SucursalID,Nombre,CodigoBarra,Categoria,FechaCaducidad,Marca,Precio,Stock
S002,Arroz Bimbo 1,7612818734,Granos,2026-05-15,Bimbo,23.08,325
S003,Frijol Nestle 2,9949903552,Bebidas,2027-11-28,Nestle,176.54,368
S004,Pan Colgate 3,2163511326,Panaderia,2027-04-26,Colgate,65.48,174
S005,Jugo Ariel 4,3792023241,Carnes,2027-05-16,Ariel,68.68,188
S006,Jabon Palmolive 5,9335775497,Limpieza,2027-04-07,Palmolive,200.88,68
S007,Shampoo Del Monte 6,4806902320,Cuidado Personal,2028-05-16,Del Monte,30.79,488
S008,Aceite Maggi 7,7697172872,Aceites,2028-01-12,Maggi,191.77,462
S009,Azucar Kelloggs 8,1124350424,Condimentos,2027-12-11,Kelloggs,108.97,286
S010,Sal Pringles 9,8129012856,Endulzantes,2028-08-17,Pringles,184.62,415
S011,Cafe Coca Cola 10,7305593794,Frutas,2026-08-05,Coca Cola,173.66,72
S012,Cereal Pepsi 11,4719662275,Verduras,2027-05-12,Pepsi,73.30,372
S013,Atun Lay's 12,2458776997,Congelados,2028-03-08,Lay's,20.79,184
S014,Sardina Knorr 13,4317619408,Snacks,2027-09-22,Knorr,46.54,190
S015,Mayonesa McCormick 14,3582531930,Cereales,2027-10-20,McCormick,64.69,197
S016,Ketchup Dos Pinos 15,3252270277,Lacteos,2027-12-18,Dos Pinos,69.34,470
S017,Mostaza Bimbo 16,5747415530,Granos,2026-04-03,Bimbo,159.46,307
S018,Vinagre Nestle 17,1777727619,Bebidas,2028-10-12,Nestle,24.06,476
S019,Sopa Colgate 18,7436460775,Panaderia,2028-09-13,Colgate,125.03,104
S020,Pasta Ariel 19,2806388357,Carnes,2028-08-20,Ariel,107.35,355
S021,Leche Palmolive 20,4663145908,Limpieza,2028-10-27,Palmolive,79.77,247
S022,Arroz Del Monte 21,1040994746,Cuidado Personal,2026-07-23,Del Monte,186.26,446
S023,Frijol Maggi 22,8641634130,Aceites,2028-09-12,Maggi,202.02,17
S024,Pan Kelloggs 23,2445428504,Condimentos,2026-06-12,Kelloggs,41.23,16
S025,Jugo Pringles 24,6386051527,Endulzantes,2026-03-18,Pringles,65.66,78
S026,Jabon Coca Cola 25,5313178238,Frutas,2027-04-05,Coca Cola,65.82,231
S027,Shampoo Pepsi 26,9203031447,Verduras,2026-06-27,Pepsi,114.60,27
S028,Aceite Lay's 27,0881586241,Congelados,2026-09-19,Lay's,36.03,132
S029,Azucar Knorr 28,1515851076,Snacks,2026-06-24,Knorr,105.22,250
S030,Sal McCormick 29,5407101301,Cereales,2028-07-02,McCormick,144.96,376
S031,Cafe Dos Pinos 30,1079027193,Lacteos,2027-04-17,Dos Pinos,122.80,130
S032,Cereal Bimbo 31,2262731615,Granos,2027-02-08,Bimbo,141.40,279
S033,Atun Nestle 32,2397728660,Bebidas,2027-10-13,Nestle,202.48,255
S034,Sardina Colgate 33,4366515431,Panaderia,2028-05-15,Colgate,178.06,9
S035,Mayonesa Ariel 34,7561381367,Carnes,2027-06-15,Ariel,191.89,391
S036,Ketchup Palmolive 35,5948182069,Limpieza,2026-11-01,Palmolive,155.59,181
S037,Mostaza Del Monte 36,2568448602,Cuidado Personal,2026-11-12,Del Monte,44.02,87
S038,Vinagre Maggi 37,7002450762,Aceites,2026-03-03,Maggi,15.10,391
S039,Sopa Kelloggs 38,6184948113,Condimentos,2028-05-24,Kelloggs,93.13,333
S040,Pasta Pringles 39,1446546795,Endulzantes,2028-04-20,Pringles,109.30,92
S041,Leche Coca Cola 40,6459245173,Frutas,2027-10-08,Coca Cola,180.93,478
S042,Arroz Pepsi 41,4513283043,Verduras,2026-06-09,Pepsi,64.31,138
S043,Frijol Lay's 42,0421680406,Congelados,2028-05-28,Lay's,24.45,22
S044,Pan Knorr 43,0315682624,Snacks,2027-07-24,Knorr,170.82,39
S045,Jugo McCormick 44,7847931946,Cereales,2028-06-08,McCormick,156.81,69
S046,Jabon Dos Pinos 45,0895142890,Lacteos,2028-08-03,Dos Pinos,54.76,111
S047,Shampoo Bimbo 46,4694511446,Granos,2026-10-02,Bimbo,167.58,223
S048,Aceite Nestle 47,9647611811,Bebidas,2027-01-24,Nestle,111.84,416
S049,Azucar Colgate 48,1177391867,Panaderia,2028-07-12,Colgate,44.70,189
S050,Sal Ariel 49,0077327475,Carnes,2026-12-14,Ariel,122.51,443
S051,Cafe Palmolive 50,6210728538,Limpieza,2026-02-18,Palmolive,190.82,79
S052,Cereal Del Monte 51,1345701773,Cuidado Personal,2028-06-16,Del Monte,91.88,134
S053,Atun Maggi 52,8857933181,Aceites,2027-09-07,Maggi,97.33,47
S054,Sardina Kelloggs 53,8876667445,Condimentos,2027-01-11,Kelloggs,129.24,144
S055,Mayonesa Pringles 54,9706832997,Endulzantes,2026-09-07,Pringles,119.46,369
S056,Ketchup Coca Cola 55,7296641005,Frutas,2027-12-20,Coca Cola,61.92,124
S057,Mostaza Pepsi 56,1671924979,Verduras,2028-01-04,Pepsi,141.56,306
S058,Vinagre Lay's 57,9756864165,Congelados,2027-02-18,Lay's,188.32,319
S059,Sopa Knorr 58,4750095868,Snacks,2026-11-25,Knorr,125.33,312
S060,Pasta McCormick 59,0195897354,Cereales,2027-09-09,McCormick,73.87,227
S061,Leche Dos Pinos 60,7942505597,Lacteos,2028-06-01,Dos Pinos,195.50,88
S062,Arroz Bimbo 61,9149058491,Granos,2028-10-05,Bimbo,126.18,327
S063,Frijol Nestle 62,0618507808,Bebidas,2028-12-20,Nestle,113.92,401
S064,Pan Colgate 63,1356464216,Panaderia,2026-02-28,Colgate,196.39,75
S065,Jugo Ariel 64,5477228791,Carnes,2028-04-06,Ariel,134.95,114
S066,Jabon Palmolive 65,9890163626,Limpieza,2026-01-06,Palmolive,68.12,153
S067,Shampoo Del Monte 66,1650826129,Cuidado Personal,2028-05-13,Del Monte,41.34,244
S068,Aceite Maggi 67,7972661787,Aceites,2026-04-14,Maggi,126.79,48
S069,Azucar Kelloggs 68,8619029032,Condimentos,2027-06-21,Kelloggs,78.88,213
S070,Sal Pringles 69,7888249639,Endulzantes,2028-06-26,Pringles,184.19,453
S071,Cafe Coca Cola 70,7174116893,Frutas,2027-03-27,Coca Cola,138.44,370
S072,Cereal Pepsi 71,0005391001,Verduras,2028-09-22,Pepsi,8.30,206
S073,Atun Lay's 72,4217548327,Congelados,2028-04-22,Lay's,56.70,341
S074,Sardina Knorr 73,3246670861,Snacks,2027-03-28,Knorr,100.33,40
S075,Mayonesa McCormick 74,3920858931,Cereales,2027-12-06,McCormick,178.50,27
S076,Ketchup Dos Pinos 75,7792591274,Lacteos,2028-05-24,Dos Pinos,146.79,170
S077,Mostaza Bimbo 76,7059154430,Granos,2026-09-12,Bimbo,23.24,28
S078,Vinagre Nestle 77,7702021446,Bebidas,2028-06-13,Nestle,10.24,311
S079,Sopa Colgate 78,1826816489,Panaderia,2028-11-07,Colgate,118.69,108
S080,Pasta Ariel 79,6494038346,Carnes,2028-04-15,Ariel,172.95,463
S081,Leche Palmolive 80,7598810549,Limpieza,2028-01-23,Palmolive,156.77,402
S082,Arroz Del Monte 81,1515947422,Cuidado Personal,2027-05-14,Del Monte,140.19,113
S083,Frijol Maggi 82,4172307670,Aceites,2028-05-22,Maggi,24.43,8
S084,Pan Kelloggs 83,8137636474,Condimentos,2027-11-20,Kelloggs,32.97,128
S085,Jugo Pringles 84,5850697939,Endulzantes,2028-08-17,Pringles,70.17,265
S086,Jabon Coca Cola 85,0632961930,Frutas,2028-06-19,Coca Cola,55.85,488
S087,Shampoo Pepsi 86,7330987752,Verduras,2028-12-07,Pepsi,171.10,347
S088,Aceite Lay's 87,3719254640,Congelados,2026-12-07,Lay's,106.27,494
S089,Azucar Knorr 88,9895273219,Snacks,2028-07-15,Knorr,167.77,118
S090,Sal McCormick 89,5149384159,Cereales,2027-02-19,McCormick,56.63,100
S091,Cafe Dos Pinos 90,9731151216,Lacteos,2026-06-18,Dos Pinos,61.08,6
S092,Cereal Bimbo 91,1080812933,Granos,2027-03-20,Bimbo,88.04,496
S093,Atun Nestle 92,1587040445,Bebidas,2028-09-13,Nestle,43.76,211
S094,Sardina Colgate 93,2085725659,Panaderia,2028-02-16,Colgate,11.77,236
S095,Mayonesa Ariel 94,2880007455,Carnes,2028-01-10,Ariel,160.83,302
S096,Ketchup Palmolive 95,9227330857,Limpieza,2028-01-18,Palmolive,203.21,4
S097,Mostaza Del Monte 96,3623734550,Cuidado Personal,2028-09-21,Del Monte,8.39,315
S098,Vinagre Maggi 97,7811086206,Aceites,2028-09-02,Maggi,107.00,480
S099,Sopa Kelloggs 98,8239836215,Condimentos,2028-03-10,Kelloggs,92.28,86
S100,Pasta Pringles 99,3561981913,Endulzantes,2027-02-23,Pringles,75.29,383
S101,Leche Coca Cola 100,8151155441,Frutas,2027-01-13,Coca Cola,57.94,73
S102,Arroz Pepsi 101,2383713842,Verduras,2026-12-28,Pepsi,79.99,15
S103,Frijol Lay's 102,6925217409,Congelados,2026-07-07,Lay's,38.79,127
S104,Pan Knorr 103,2742370481,Snacks,2026-02-28,Knorr,72.24,318
S105,Jugo McCormick 104,9478616091,Cereales,2027-01-22,McCormick,140.19,84
S106,Jabon Dos Pinos 105,0095958743,Lacteos,2027-10-20,Dos Pinos,198.08,435
S107,Shampoo Bimbo 106,2013601626,Granos,2026-05-24,Bimbo,138.95,260
S108,Aceite Nestle 107,7017575213,Bebidas,2028-02-26,Nestle,158.57,42
S109,Azucar Colgate 108,8579256101,Panaderia,2026-01-04,Colgate,21.09,420
S110,Sal Ariel 109,4635633975,Carnes,2026-05-02,Ariel,122.01,323
S111,Cafe Palmolive 110,4188211211,Limpieza,2026-01-17,Palmolive,90.40,17
S112,Cereal Del Monte 111,9970696601,Cuidado Personal,2026-02-13,Del Monte,199.31,205
S113,Atun Maggi 112,8353128848,Aceites,2028-10-21,Maggi,183.87,15
S114,Sardina Kelloggs 113,4559345551,Condimentos,2027-06-11,Kelloggs,83.37,310
S115,Mayonesa Pringles 114,2132251657,Endulzantes,2028-07-05,Pringles,197.89,279
S116,Ketchup Coca Cola 115,2557466896,Frutas,2028-04-13,Coca Cola,67.05,378
S117,Mostaza Pepsi 116,4698307427,Verduras,2028-03-03,Pepsi,154.60,292
S118,Vinagre Lay's 117,0019528732,Congelados,2028-07-06,Lay's,57.07,110
S119,Sopa Knorr 118,2021634126,Snacks,2026-02-13,Knorr,123.39,13
S120,Pasta McCormick 119,3157148085,Cereales,2026-12-08,McCormick,74.86,307
S121,Leche Dos Pinos 120,7263788137,Lacteos,2026-02-11,Dos Pinos,116.12,390
S122,Arroz Bimbo 121,8349593675,Granos,2027-11-05,Bimbo,159.37,409
S123,Frijol Nestle 122,3790274949,Bebidas,2028-01-18,Nestle,79.28,376
S124,Pan Colgate 123,0191737020,Panaderia,2028-06-10,Colgate,88.49,25
S125,Jugo Ariel 124,5360335916,Carnes,2026-12-16,Ariel,166.90,374
S126,Jabon Palmolive 125,7281759478,Limpieza,2026-06-20,Palmolive,103.81,425
S127,Shampoo Del Monte 126,2378481061,Cuidado Personal,2026-03-28,Del Monte,43.23,415
S128,Aceite Maggi 127,0300145012,Aceites,2027-11-02,Maggi,50.39,300
S129,Azucar Kelloggs 128,5832227159,Condimentos,2027-01-13,Kelloggs,54.84,163
S130,Sal Pringles 129,1069614263,Endulzantes,2028-03-10,Pringles,56.27,68
S131,Cafe Coca Cola 130,6956689033,Frutas,2026-07-16,Coca Cola,128.60,273
S132,Cereal Pepsi 131,5172197703,Verduras,2028-03-13,Pepsi,100.77,100
S133,Atun Lay's 132,6790617698,Congelados,2028-09-09,Lay's,6.47,284
S134,Sardina Knorr 133,2399356604,Snacks,2027-09-04,Knorr,136.52,178
S135,Mayonesa McCormick 134,4270784598,Cereales,2028-11-23,McCormick,81.21,200
S136,Ketchup Dos Pinos 135,9493563401,Lacteos,2028-09-24,Dos Pinos,25.25,114
S137,Mostaza Bimbo 136,8260123990,Granos,2027-01-17,Bimbo,52.22,293
S138,Vinagre Nestle 137,1815957403,Bebidas,2028-02-21,Nestle,31.85,16
S139,Sopa Colgate 138,9741519899,Panaderia,2026-02-11,Colgate,95.33,78
S140,Pasta Ariel 139,3014437745,Carnes,2028-02-25,Ariel,53.21,264
S141,Leche Palmolive 140,5510748788,Limpieza,2026-07-22,Palmolive,162.33,378
S142,Arroz Del Monte 141,0196212385,Cuidado Personal,2028-11-11,Del Monte,56.00,403
S143,Frijol Maggi 142,3939904322,Aceites,2028-12-21,Maggi,200.03,381
S144,Pan Kelloggs 143,2031933995,Condimentos,2027-10-22,Kelloggs,121.13,461
S145,Jugo Pringles 144,9521567151,Endulzantes,2028-09-27,Pringles,148.51,44
S146,Jabon Coca Cola 145,7387124121,Frutas,2028-03-25,Coca Cola,82.81,58
S147,Shampoo Pepsi 146,8674326516,Verduras,2027-07-25,Pepsi,199.03,231
S148,Aceite Lay's 147,4181653234,Congelados,2026-10-10,Lay's,26.42,9
S149,Azucar Knorr 148,2885137098,Snacks,2028-10-23,Knorr,195.80,398
S150,Sal McCormick 149,7718098473,Cereales,2026-05-18,McCormick,29.39,259
S151,Cafe Dos Pinos 150,1677152662,Lacteos,2027-11-12,Dos Pinos,22.58,21
S152,Cereal Bimbo 151,1523499649,Granos,2028-05-21,Bimbo,37.40,31
S153,Atun Nestle 152,0830798141,Bebidas,2026-04-06,Nestle,5.23,334
S154,Sardina Colgate 153,1820077850,Panaderia,2028-06-26,Colgate,117.63,193
S155,Mayonesa Ariel 154,4003655979,Carnes,2027-04-05,Ariel,85.73,381
S156,Ketchup Palmolive 155,7954709476,Limpieza,2026-09-05,Palmolive,17.30,365
S157,Mostaza Del Monte 156,8016691202,Cuidado Personal,2026-02-15,Del Monte,184.63,223
S158,Vinagre Maggi 157,6996380838,Aceites,2026-05-04,Maggi,88.93,268
S159,Sopa Kelloggs 158,5008691367,Condimentos,2028-12-07,Kelloggs,54.29,205
S160,Pasta Pringles 159,4191836366,Endulzantes,2027-01-20,Pringles,89.81,465
S161,Leche Coca Cola 160,0931149634,Frutas,2026-07-12,Coca Cola,55.79,279
S162,Arroz Pepsi 161,6637823711,Verduras,2026-02-25,Pepsi,78.94,21
S163,Frijol Lay's 162,2737553783,Congelados,2026-02-17,Lay's,92.54,147
S164,Pan Knorr 163,4192432373,Snacks,2026-03-14,Knorr,140.72,278
S165,Jugo McCormick 164,0798682407,Cereales,2028-07-08,McCormick,200.92,87
S166,Jabon Dos Pinos 165,8089133904,Lacteos,2026-11-23,Dos Pinos,194.70,419
S167,Shampoo Bimbo 166,5183319980,Granos,2028-10-18,Bimbo,177.19,45
S168,Aceite Nestle 167,8914152589,Bebidas,2027-10-22,Nestle,72.71,326
S169,Azucar Colgate 168,7990785976,Panaderia,2028-06-23,Colgate,48.19,236
S170,Sal Ariel 169,0774182787,Carnes,2028-02-27,Ariel,144.09,78
S171,Cafe Palmolive 170,7601742864,Limpieza,2027-01-24,Palmolive,55.20,430
S172,Cereal Del Monte 171,3713532227,Cuidado Personal,2026-11-15,Del Monte,186.15,282
S173,Atun Maggi 172,7310428254,Aceites,2027-08-07,Maggi,77.16,42
S174,Sardina Kelloggs 173,5049753919,Condimentos,2028-11-07,Kelloggs,108.41,473
S175,Mayonesa Pringles 174,6818472778,Endulzantes,2026-02-18,Pringles,90.72,152
S176,Ketchup Coca Cola 175,2793479485,Frutas,2028-12-17,Coca Cola,35.89,221
S177,Mostaza Pepsi 176,7129434319,Verduras,2028-04-04,Pepsi,193.45,64
S178,Vinagre Lay's 177,8085833066,Congelados,2027-04-18,Lay's,54.74,184
S179,Sopa Knorr 178,2521518518,Snacks,2027-09-26,Knorr,26.61,87
S180,Pasta McCormick 179,4675957554,Cereales,2028-09-11,McCormick,162.38,409
S181,Leche Dos Pinos 180,7856703612,Lacteos,2028-02-20,Dos Pinos,70.02,146
S182,Arroz Bimbo 181,3001804771,Granos,2028-04-17,Bimbo,96.81,170
S183,Frijol Nestle 182,3771406371,Bebidas,2027-04-04,Nestle,7.40,105
S184,Pan Colgate 183,6766782478,Panaderia,2026-04-28,Colgate,198.40,480
S185,Jugo Ariel 184,9912732826,Carnes,2028-06-07,Ariel,79.33,282
S186,Jabon Palmolive 185,1842453378,Limpieza,2028-06-12,Palmolive,86.46,360
S187,Shampoo Del Monte 186,2488697067,Cuidado Personal,2027-08-14,Del Monte,29.27,324
S188,Aceite Maggi 187,2047841910,Aceites,2026-11-22,Maggi,139.76,172
S189,Azucar Kelloggs 188,2643575522,Condimentos,2028-04-10,Kelloggs,100.96,396
S190,Sal Pringles 189,5919055189,Endulzantes,2028-04-17,Pringles,115.29,239
S191,Cafe Coca Cola 190,3432636008,Frutas,2026-04-14,Coca Cola,112.81,13
S192,Cereal Pepsi 191,2853281364,Verduras,2026-05-17,Pepsi,96.47,494
S193,Atun Lay's 192,3732143789,Congelados,2027-07-28,Lay's,109.30,420
S194,Sardina Knorr 193,7928313322,Snacks,2027-11-23,Knorr,92.09,474
S195,Mayonesa McCormick 194,1401124916,Cereales,2026-11-14,McCormick,36.07,340
S196,Ketchup Dos Pinos 195,6507297752,Lacteos,2027-06-11,Dos Pinos,150.33,389
S197,Mostaza Bimbo 196,7880311853,Granos,2026-01-26,Bimbo,97.19,83
S198,Vinagre Nestle 197,7890673950,Bebidas,2026-10-27,Nestle,134.68,208
S199,Sopa Colgate 198,9146187794,Panaderia,2026-04-05,Colgate,88.10,302
S200,Pasta Ariel 199,1164989277,Carnes,2028-07-24,Ariel,52.04,474
S201,Leche Palmolive 200,3827677890,Limpieza,2026-03-01,Palmolive,135.00,111
S202,Arroz Del Monte 201,0958473183,Cuidado Personal,2028-04-03,Del Monte,60.66,424
S203,Frijol Maggi 202,5446690101,Aceites,2026-06-07,Maggi,196.87,85
S204,Pan Kelloggs 203,1264688284,Condimentos,2027-07-25,Kelloggs,107.92,95
S205,Jugo Pringles 204,6108436605,Endulzantes,2027-09-16,Pringles,72.13,499
S206,Jabon Coca Cola 205,4836992679,Frutas,2027-12-09,Coca Cola,131.79,208
S207,Shampoo Pepsi 206,1882972219,Verduras,2027-08-04,Pepsi,16.26,492
S208,Aceite Lay's 207,2325765623,Congelados,2027-01-23,Lay's,168.38,23
S209,Azucar Knorr 208,7061998796,Snacks,2027-10-23,Knorr,50.51,42
S210,Sal McCormick 209,4591596600,Cereales,2026-01-09,McCormick,33.21,167
S211,Cafe Dos Pinos 210,2229686579,Lacteos,2028-05-16,Dos Pinos,126.88,419
S212,Cereal Bimbo 211,6294103867,Granos,2026-01-04,Bimbo,113.28,271
S213,Atun Nestle 212,2969616839,Bebidas,2026-12-08,Nestle,204.06,126
S214,Sardina Colgate 213,0137163834,Panaderia,2026-02-14,Colgate,171.78,277
S215,Mayonesa Ariel 214,6554595186,Carnes,2028-11-23,Ariel,27.37,111
S216,Ketchup Palmolive 215,9987513921,Limpieza,2028-01-18,Palmolive,107.94,137
S217,Mostaza Del Monte 216,4106184504,Cuidado Personal,2028-08-07,Del Monte,63.12,235
S218,Vinagre Maggi 217,9279744370,Aceites,2028-02-26,Maggi,16.24,451
S219,Sopa Kelloggs 218,7836939183,Condimentos,2028-10-21,Kelloggs,136.50,474
S220,Pasta Pringles 219,7700009419,Endulzantes,2027-08-20,Pringles,168.79,375
S221,Leche Coca Cola 220,1771919790,Frutas,2027-10-16,Coca Cola,92.88,263
S222,Arroz Pepsi 221,9897467522,Verduras,2027-12-08,Pepsi,128.34,155
S223,Frijol Lay's 222,9385440644,Congelados,2026-08-28,Lay's,57.25,312
S224,Pan Knorr 223,9566123957,Snacks,2028-10-12,Knorr,50.44,73
S225,Jugo McCormick 224,4011507639,Cereales,2026-04-09,McCormick,92.44,62
S226,Jabon Dos Pinos 225,0887676708,Lacteos,2027-02-17,Dos Pinos,101.11,393
S227,Shampoo Bimbo 226,0694291667,Granos,2028-03-09,Bimbo,76.23,249
S228,Aceite Nestle 227,0452474934,Bebidas,2027-07-13,Nestle,142.40,123
S229,Azucar Colgate 228,2198068046,Panaderia,2028-11-01,Colgate,72.68,52
S230,Sal Ariel 229,3677038493,Carnes,2026-11-25,Ariel,170.22,334
S231,Cafe Palmolive 230,2505918576,Limpieza,2026-07-13,Palmolive,91.07,45
S232,Cereal Del Monte 231,6426167718,Cuidado Personal,2028-06-26,Del Monte,200.74,425
S233,Atun Maggi 232,6547985705,Aceites,2027-06-23,Maggi,191.06,187
S234,Sardina Kelloggs 233,2018837990,Condimentos,2027-02-21,Kelloggs,163.65,182
S235,Mayonesa Pringles 234,9882854477,Endulzantes,2026-05-19,Pringles,188.02,439
S236,Ketchup Coca Cola 235,9188021016,Frutas,2026-11-22,Coca Cola,61.10,387
S237,Mostaza Pepsi 236,7959350010,Verduras,2027-09-14,Pepsi,70.30,365
S238,Vinagre Lay's 237,5746452923,Congelados,2027-05-12,Lay's,8.54,373
S239,Sopa Knorr 238,0295119586,Snacks,2028-02-20,Knorr,187.40,21
S240,Pasta McCormick 239,9808835494,Cereales,2027-04-06,McCormick,118.27,276
S241,Leche Dos Pinos 240,0333608773,Lacteos,2026-07-03,Dos Pinos,18.43,443
S242,Arroz Bimbo 241,9607987623,Granos,2026-10-03,Bimbo,29.63,472
S243,Frijol Nestle 242,2900548955,Bebidas,2027-01-27,Nestle,175.47,104
S244,Pan Colgate 243,6622673179,Panaderia,2028-09-22,Colgate,146.03,70
S245,Jugo Ariel 244,0732562549,Carnes,2026-06-06,Ariel,11.65,453
S246,Jabon Palmolive 245,6301892526,Limpieza,2027-09-17,Palmolive,127.88,8
S247,Shampoo Del Monte 246,0577508152,Cuidado Personal,2027-07-22,Del Monte,156.58,407
S248,Aceite Maggi 247,6382267336,Aceites,2027-07-27,Maggi,147.39,147
S249,Azucar Kelloggs 248,9368712315,Condimentos,2026-09-06,Kelloggs,151.68,339
S250,Sal Pringles 249,4718292365,Endulzantes,2028-10-18,Pringles,145.19,317
S251,Cafe Coca Cola 250,3901026896,Frutas,2026-12-17,Coca Cola,52.45,174
S252,Cereal Pepsi 251,6887493949,Verduras,2026-01-27,Pepsi,33.77,375
S253,Atun Lay's 252,6807347718,Congelados,2026-09-16,Lay's,76.79,359
S254,Sardina Knorr 253,9102623187,Snacks,2026-09-23,Knorr,21.85,231
S255,Mayonesa McCormick 254,0099071077,Cereales,2027-07-08,McCormick,18.88,17
S256,Ketchup Dos Pinos 255,3355088429,Lacteos,2027-02-23,Dos Pinos,104.58,362
S257,Mostaza Bimbo 256,0728020356,Granos,2026-01-09,Bimbo,68.23,353
S258,Vinagre Nestle 257,2700613595,Bebidas,2027-01-24,Nestle,108.95,406
S259,Sopa Colgate 258,0887162239,Panaderia,2028-03-28,Colgate,191.39,486
S260,Pasta Ariel 259,9947653744,Carnes,2027-08-15,Ariel,65.26,94
S261,Leche Palmolive 260,7580535447,Limpieza,2028-11-11,Palmolive,131.07,210
S262,Arroz Del Monte 261,0689263072,Cuidado Personal,2026-05-05,Del Monte,174.23,427
S263,Frijol Maggi 262,4990484136,Aceites,2028-02-24,Maggi,110.76,14
S264,Pan Kelloggs 263,4982090447,Condimentos,2026-01-27,Kelloggs,24.64,209
S265,Jugo Pringles 264,2919593796,Endulzantes,2027-02-20,Pringles,18.73,93
S266,Jabon Coca Cola 265,9906356502,Frutas,2026-06-13,Coca Cola,108.75,401
S267,Shampoo Pepsi 266,3852632715,Verduras,2027-06-21,Pepsi,51.04,213
S268,Aceite Lay's 267,9478408667,Congelados,2027-12-11,Lay's,92.16,414
S269,Azucar Knorr 268,5129866716,Snacks,2026-06-05,Knorr,81.42,51
S270,Sal McCormick 269,0954632742,Cereales,2028-11-07,McCormick,61.73,261
S271,Cafe Dos Pinos 270,2029682620,Lacteos,2027-11-22,Dos Pinos,40.64,32
S272,Cereal Bimbo 271,7944976294,Granos,2026-09-17,Bimbo,82.78,357
S273,Atun Nestle 272,5992041011,Bebidas,2028-07-27,Nestle,85.37,441
S274,Sardina Colgate 273,5661880831,Panaderia,2028-07-16,Colgate,152.53,488
S275,Mayonesa Ariel 274,0118482348,Carnes,2028-04-09,Ariel,165.58,417
S276,Ketchup Palmolive 275,0226321010,Limpieza,2026-05-15,Palmolive,36.57,498
S277,Mostaza Del Monte 276,8502461441,Cuidado Personal,2026-05-25,Del Monte,47.79,52
S278,Vinagre Maggi 277,6521105053,Aceites,2027-08-27,Maggi,69.76,315
S279,Sopa Kelloggs 278,3207681452,Condimentos,2028-03-07,Kelloggs,36.43,366
S280,Pasta Pringles 279,7311631525,Endulzantes,2028-11-09,Pringles,62.17,325
S281,Leche Coca Cola 280,4322933551,Frutas,2026-08-21,Coca Cola,67.78,136
S282,Arroz Pepsi 281,0701258381,Verduras,2026-01-15,Pepsi,154.00,236
S283,Frijol Lay's 282,4757766981,Congelados,2027-04-23,Lay's,18.87,327
S284,Pan Knorr 283,1849018020,Snacks,2026-01-04,Knorr,52.01,353
S285,Jugo McCormick 284,8939861276,Cereales,2028-01-07,McCormick,22.96,427
S286,Jabon Dos Pinos 285,6424458852,Lacteos,2026-06-16,Dos Pinos,58.19,135
S287,Shampoo Bimbo 286,7827887882,Granos,2028-11-10,Bimbo,37.65,295
S288,Aceite Nestle 287,8780173465,Bebidas,2028-08-22,Nestle,31.96,425
S289,Azucar Colgate 288,1085364219,Panaderia,2028-02-25,Colgate,167.84,150
S290,Sal Ariel 289,1710947127,Carnes,2027-02-01,Ariel,198.57,198
S291,Cafe Palmolive 290,8924397810,Limpieza,2027-01-27,Palmolive,117.63,96
S292,Cereal Del Monte 291,8870518955,Cuidado Personal,2027-12-19,Del Monte,64.65,426
S293,Atun Maggi 292,7851489751,Aceites,2026-08-10,Maggi,204.28,237
S294,Sardina Kelloggs 293,3071810867,Condimentos,2027-12-04,Kelloggs,44.96,84
S295,Mayonesa Pringles 294,2850599591,Endulzantes,2027-11-21,Pringles,111.68,439
S296,Ketchup Coca Cola 295,8416689989,Frutas,2026-01-21,Coca Cola,130.93,29
S297,Mostaza Pepsi 296,6676905464,Verduras,2028-09-17,Pepsi,111.58,35
S298,Vinagre Lay's 297,3464693715,Congelados,2028-02-05,Lay's,181.38,30
S299,Sopa Knorr 298,8072249372,Snacks,2028-12-02,Knorr,91.00,459
S300,Pasta McCormick 299,1036277003,Cereales,2026-09-08,McCormick,27.14,19
S301,Leche Dos Pinos 300,9193948519,Lacteos,2027-07-28,Dos Pinos,143.17,185
S302,Arroz Bimbo 301,7111036890,Granos,2027-05-09,Bimbo,23.60,453
S303,Frijol Nestle 302,1738476563,Bebidas,2028-08-19,Nestle,74.97,1
S304,Pan Colgate 303,7369177739,Panaderia,2026-03-21,Colgate,204.77,372
S305,Jugo Ariel 304,2314901149,Carnes,2026-11-19,Ariel,76.02,472
S306,Jabon Palmolive 305,7421889793,Limpieza,2026-02-23,Palmolive,175.34,175
S307,Shampoo Del Monte 306,9714308536,Cuidado Personal,2028-11-28,Del Monte,39.24,79
S308,Aceite Maggi 307,5402018815,Aceites,2027-03-18,Maggi,145.30,404
S309,Azucar Kelloggs 308,5377712525,Condimentos,2028-09-28,Kelloggs,95.66,374
S310,Sal Pringles 309,5219032170,Endulzantes,2028-11-03,Pringles,179.60,377
S311,Cafe Coca Cola 310,5698039564,Frutas,2028-05-06,Coca Cola,153.54,500
S312,Cereal Pepsi 311,3884973348,Verduras,2027-07-25,Pepsi,107.79,69
S313,Atun Lay's 312,9340103638,Congelados,2028-11-26,Lay's,64.98,62
S314,Sardina Knorr 313,4379630110,Snacks,2027-08-24,Knorr,142.22,456
S315,Mayonesa McCormick 314,3219442517,Cereales,2027-02-18,McCormick,184.31,144
S316,Ketchup Dos Pinos 315,7092349891,Lacteos,2027-08-16,Dos Pinos,101.00,142
S317,Mostaza Bimbo 316,4151428621,Granos,2027-11-26,Bimbo,25.86,18
S318,Vinagre Nestle 317,1988200229,Bebidas,2026-08-08,Nestle,134.01,153
S319,Sopa Colgate 318,4288981757,Panaderia,2026-03-08,Colgate,86.53,196
S320,Pasta Ariel 319,2800034545,Carnes,2027-06-11,Ariel,174.50,6
S321,Leche Palmolive 320,2678132704,Limpieza,2027-12-09,Palmolive,12.72,178
S322,Arroz Del Monte 321,7795237562,Cuidado Personal,2026-06-02,Del Monte,143.83,252
S323,Frijol Maggi 322,6345321935,Aceites,2026-08-20,Maggi,170.18,142
S324,Pan Kelloggs 323,0724661392,Condimentos,2026-04-23,Kelloggs,82.66,228
S325,Jugo Pringles 324,1661786653,Endulzantes,2027-11-25,Pringles,159.19,401
S326,Jabon Coca Cola 325,1886788767,Frutas,2028-10-01,Coca Cola,199.01,203
S327,Shampoo Pepsi 326,0390682343,Verduras,2028-02-15,Pepsi,89.50,187
S328,Aceite Lay's 327,1021501326,Congelados,2027-06-07,Lay's,42.70,200
S329,Azucar Knorr 328,1761047421,Snacks,2026-07-03,Knorr,11.15,190
S330,Sal McCormick 329,4841551459,Cereales,2027-07-05,McCormick,176.56,92
S331,Cafe Dos Pinos 330,8228866020,Lacteos,2028-08-12,Dos Pinos,32.38,346
S332,Cereal Bimbo 331,4895532070,Granos,2028-05-06,Bimbo,30.98,41
S333,Atun Nestle 332,2799165732,Bebidas,2027-03-05,Nestle,163.33,379
S334,Sardina Colgate 333,6696764146,Panaderia,2026-03-24,Colgate,17.35,343
S335,Mayonesa Ariel 334,6161676781,Carnes,2027-10-19,Ariel,150.69,289
S336,Ketchup Palmolive 335,2790993204,Limpieza,2026-06-07,Palmolive,79.67,435
S337,Mostaza Del Monte 336,8842996574,Cuidado Personal,2026-08-28,Del Monte,39.07,283
S338,Vinagre Maggi 337,7503929331,Aceites,2026-07-22,Maggi,27.13,67
S339,Sopa Kelloggs 338,8566316209,Condimentos,2027-10-13,Kelloggs,175.59,484
S340,Pasta Pringles 339,9423502718,Endulzantes,2027-08-08,Pringles,170.31,434
S341,Leche Coca Cola 340,0851080573,Frutas,2026-10-27,Coca Cola,195.76,387
S342,Arroz Pepsi 341,4989238356,Verduras,2028-06-11,Pepsi,23.87,310
S343,Frijol Lay's 342,9846471601,Congelados,2028-08-07,Lay's,74.66,24
S344,Pan Knorr 343,0478536248,Snacks,2028-02-20,Knorr,93.67,125
S345,Jugo McCormick 344,2060690761,Cereales,2027-01-06,McCormick,34.91,453
S346,Jabon Dos Pinos 345,0878728555,Lacteos,2026-11-05,Dos Pinos,61.49,496
S347,Shampoo Bimbo 346,0386721095,Granos,2028-02-20,Bimbo,36.98,318
S348,Aceite Nestle 347,9141523638,Bebidas,2027-10-19,Nestle,68.54,445
S349,Azucar Colgate 348,3014603400,Panaderia,2027-02-11,Colgate,130.50,193
S350,Sal Ariel 349,7379498511,Carnes,2028-02-05,Ariel,11.05,157
S351,Cafe Palmolive 350,5559812568,Limpieza,2026-06-12,Palmolive,90.94,248
S352,Cereal Del Monte 351,5658577585,Cuidado Personal,2026-12-25,Del Monte,55.81,94
S353,Atun Maggi 352,9713293767,Aceites,2027-07-19,Maggi,144.80,1
S354,Sardina Kelloggs 353,8471108048,Condimentos,2027-11-28,Kelloggs,7.25,383
S355,Mayonesa Pringles 354,7584834305,Endulzantes,2027-07-02,Pringles,12.54,307
S356,Ketchup Coca Cola 355,5772912566,Frutas,2028-05-26,Coca Cola,77.90,379
S357,Mostaza Pepsi 356,6137553364,Verduras,2026-11-22,Pepsi,18.90,141
S358,Vinagre Lay's 357,2314699714,Congelados,2026-04-28,Lay's,20.44,134
S359,Sopa Knorr 358,7835648851,Snacks,2028-04-08,Knorr,102.68,34
S360,Pasta McCormick 359,0691968010,Cereales,2028-07-28,McCormick,130.17,386
S361,Leche Dos Pinos 360,1003596893,Lacteos,2028-02-09,Dos Pinos,173.66,83
S362,Arroz Bimbo 361,2692834537,Granos,2027-09-21,Bimbo,36.86,231
S363,Frijol Nestle 362,1765168949,Bebidas,2028-04-08,Nestle,153.87,421
S364,Pan Colgate 363,5985431281,Panaderia,2026-05-03,Colgate,179.86,479
S365,Jugo Ariel 364,9669367350,Carnes,2028-11-10,Ariel,186.06,112
S366,Jabon Palmolive 365,4472965960,Limpieza,2026-09-05,Palmolive,170.90,291
S367,Shampoo Del Monte 366,9320564693,Cuidado Personal,2026-08-22,Del Monte,72.88,196
S368,Aceite Maggi 367,1378192882,Aceites,2026-07-19,Maggi,168.07,27
S369,Azucar Kelloggs 368,5164847804,Condimentos,2028-06-12,Kelloggs,134.92,479
S370,Sal Pringles 369,6457204589,Endulzantes,2028-09-01,Pringles,114.83,218
S371,Cafe Coca Cola 370,3624223588,Frutas,2028-03-02,Coca Cola,61.33,201
S372,Cereal Pepsi 371,4570455119,Verduras,2027-10-27,Pepsi,62.49,145
S373,Atun Lay's 372,8681021230,Congelados,2027-02-05,Lay's,147.30,192
S374,Sardina Knorr 373,2149526671,Snacks,2026-08-27,Knorr,125.66,372
S375,Mayonesa McCormick 374,5232318058,Cereales,2027-05-02,McCormick,68.80,188
S376,Ketchup Dos Pinos 375,3948641911,Lacteos,2026-05-12,Dos Pinos,76.99,474
S377,Mostaza Bimbo 376,0078773378,Granos,2027-03-26,Bimbo,8.53,257
S378,Vinagre Nestle 377,4877403846,Bebidas,2028-07-17,Nestle,59.65,274
S379,Sopa Colgate 378,1582700041,Panaderia,2026-03-12,Colgate,153.68,426
S380,Pasta Ariel 379,8323564294,Carnes,2028-01-19,Ariel,12.81,185
S381,Leche Palmolive 380,0136026853,Limpieza,2026-01-07,Palmolive,18.88,327
S382,Arroz Del Monte 381,0430292083,Cuidado Personal,2027-11-18,Del Monte,153.00,30
S383,Frijol Maggi 382,9876469525,Aceites,2026-02-19,Maggi,137.27,162
S384,Pan Kelloggs 383,4447060720,Condimentos,2027-04-10,Kelloggs,155.39,460
S385,Jugo Pringles 384,5555153974,Endulzantes,2026-12-25,Pringles,29.11,239
S386,Jabon Coca Cola 385,7619859052,Frutas,2028-06-27,Coca Cola,70.53,216
S387,Shampoo Pepsi 386,2986992506,Verduras,2026-11-14,Pepsi,163.40,480
S388,Aceite Lay's 387,6727613290,Congelados,2026-02-06,Lay's,153.60,457
S389,Azucar Knorr 388,5245692543,Snacks,2026-01-01,Knorr,89.58,366
S390,Sal McCormick 389,7541666098,Cereales,2026-08-04,McCormick,15.07,173
S391,Cafe Dos Pinos 390,5290380190,Lacteos,2026-03-15,Dos Pinos,22.32,83
S392,Cereal Bimbo 391,6887468374,Granos,2028-03-05,Bimbo,106.83,59
S393,Atun Nestle 392,2243268712,Bebidas,2026-05-22,Nestle,174.03,428
S394,Sardina Colgate 393,8517254788,Panaderia,2028-12-24,Colgate,194.91,49
S395,Mayonesa Ariel 394,4517003021,Carnes,2026-12-13,Ariel,88.09,318
S396,Ketchup Palmolive 395,9594571097,Limpieza,2026-02-10,Palmolive,97.34,391
S397,Mostaza Del Monte 396,9072157710,Cuidado Personal,2026-09-19,Del Monte,172.35,66
S398,Vinagre Maggi 397,2386959737,Aceites,2027-12-08,Maggi,75.74,302
S399,Sopa Kelloggs 398,4007712166,Condimentos,2028-08-14,Kelloggs,38.83,227
S400,Pasta Pringles 399,9721178246,Endulzantes,2027-06-25,Pringles,46.79,98
S001,Leche Coca Cola 400,8271938981,Frutas,2027-10-28,Coca Cola,110.45,109
S002,Arroz Pepsi 401,6273050068,Verduras,2026-02-12,Pepsi,112.90,67
S003,Frijol Lay's 402,6535824195,Congelados,2027-03-03,Lay's,133.23,62
S004,Pan Knorr 403,0026479405,Snacks,2027-07-27,Knorr,186.58,74
S005,Jugo McCormick 404,2048099734,Cereales,2027-03-28,McCormick,44.91,122
S006,Jabon Dos Pinos 405,1189403210,Lacteos,2028-07-04,Dos Pinos,50.15,202
S007,Shampoo Bimbo 406,3554376588,Granos,2027-02-03,Bimbo,135.83,347
S008,Aceite Nestle 407,1829303151,Bebidas,2027-08-09,Nestle,69.93,111
S009,Azucar Colgate 408,2713816456,Panaderia,2026-07-11,Colgate,148.81,242
S010,Sal Ariel 409,5234231664,Carnes,2028-10-05,Ariel,200.02,209
S011,Cafe Palmolive 410,5807537639,Limpieza,2027-10-12,Palmolive,41.37,451
S012,Cereal Del Monte 411,3107819959,Cuidado Personal,2026-06-26,Del Monte,62.36,106
S013,Atun Maggi 412,1007980353,Aceites,2026-11-11,Maggi,183.32,455
S014,Sardina Kelloggs 413,6583555573,Condimentos,2027-01-02,Kelloggs,172.16,266
S015,Mayonesa Pringles 414,6940580350,Endulzantes,2028-04-26,Pringles,70.62,299
S016,Ketchup Coca Cola 415,6367652325,Frutas,2028-07-01,Coca Cola,99.03,191
S017,Mostaza Pepsi 416,0698169651,Verduras,2027-11-04,Pepsi,83.68,268
S018,Vinagre Lay's 417,6979940538,Congelados,2026-03-26,Lay's,181.09,436
S019,Sopa Knorr 418,8308038193,Snacks,2026-01-17,Knorr,147.15,407
S020,Pasta McCormick 419,1752395329,Cereales,2026-07-23,McCormick,132.83,218
S021,Leche Dos Pinos 420,3492490337,Lacteos,2026-03-23,Dos Pinos,125.05,433
S022,Arroz Bimbo 421,3375601016,Granos,2027-08-14,Bimbo,149.36,417
S023,Frijol Nestle 422,4733905763,Bebidas,2027-12-14,Nestle,201.16,425
S024,Pan Colgate 423,7822517279,Panaderia,2028-09-06,Colgate,26.13,149
S025,Jugo Ariel 424,8755261745,Carnes,2026-12-18,Ariel,175.96,137
S026,Jabon Palmolive 425,6892910646,Limpieza,2026-01-26,Palmolive,143.73,294
S027,Shampoo Del Monte 426,7699216709,Cuidado Personal,2027-10-23,Del Monte,28.89,344
S028,Aceite Maggi 427,2325238663,Aceites,2027-02-03,Maggi,178.56,290
S029,Azucar Kelloggs 428,5571438829,Condimentos,2028-08-01,Kelloggs,63.84,239
S030,Sal Pringles 429,8859153864,Endulzantes,2026-05-08,Pringles,122.36,293
S031,Cafe Coca Cola 430,5520431958,Frutas,2027-08-08,Coca Cola,91.57,421
S032,Cereal Pepsi 431,2243029708,Verduras,2026-06-17,Pepsi,117.01,138
S033,Atun Lay's 432,9475585596,Congelados,2028-02-09,Lay's,109.56,286
S034,Sardina Knorr 433,9616220694,Snacks,2027-09-15,Knorr,57.77,318
S035,Mayonesa McCormick 434,0676513787,Cereales,2026-01-19,McCormick,165.59,33
S036,Ketchup Dos Pinos 435,7941230989,Lacteos,2028-12-08,Dos Pinos,18.97,191
S037,Mostaza Bimbo 436,2476367978,Granos,2026-12-21,Bimbo,111.39,377
S038,Vinagre Nestle 437,8420787352,Bebidas,2027-04-13,Nestle,147.86,120
S039,Sopa Colgate 438,5700734604,Panaderia,2028-06-13,Colgate,86.64,193
S040,Pasta Ariel 439,5495442084,Carnes,2027-12-12,Ariel,109.49,333
S041,Leche Palmolive 440,1098526497,Limpieza,2026-07-05,Palmolive,26.14,94
S042,Arroz Del Monte 441,9046011307,Cuidado Personal,2028-05-01,Del Monte,86.83,15
S043,Frijol Maggi 442,0438895768,Aceites,2027-02-19,Maggi,6.47,266
S044,Pan Kelloggs 443,6689774872,Condimentos,2027-04-07,Kelloggs,7.46,462
S045,Jugo Pringles 444,1638451434,Endulzantes,2026-12-19,Pringles,184.51,65
S046,Jabon Coca Cola 445,8993209720,Frutas,2027-09-11,Coca Cola,57.09,204
S047,Shampoo Pepsi 446,2736221690,Verduras,2027-06-28,Pepsi,176.21,308
S048,Aceite Lay's 447,9036822417,Congelados,2027-02-27,Lay's,95.41,25
S049,Azucar Knorr 448,8287919732,Snacks,2026-06-16,Knorr,103.11,342
S050,Sal McCormick 449,2713235403,Cereales,2026-03-18,McCormick,45.61,180
S051,Cafe Dos Pinos 450,7778219683,Lacteos,2028-11-13,Dos Pinos,92.65,496
S052,Cereal Bimbo 451,6982781436,Granos,2028-10-02,Bimbo,169.70,88
S053,Atun Nestle 452,8293035756,Bebidas,2028-12-12,Nestle,70.15,135
S054,Sardina Colgate 453,2984555853,Panaderia,2027-07-02,Colgate,94.32,83
S055,Mayonesa Ariel 454,7565776934,Carnes,2026-10-19,Ariel,84.18,36
S056,Ketchup Palmolive 455,0542074492,Limpieza,2026-07-15,Palmolive,187.83,314
S057,Mostaza Del Monte 456,2690775561,Cuidado Personal,2026-01-18,Del Monte,143.86,448
S058,Vinagre Maggi 457,1043232088,Aceites,2028-04-08,Maggi,49.75,476
S059,Sopa Kelloggs 458,9249261467,Condimentos,2028-10-20,Kelloggs,38.05,155
S060,Pasta Pringles 459,1955161277,Endulzantes,2026-04-26,Pringles,175.52,152
S061,Leche Coca Cola 460,1553301932,Frutas,2026-06-14,Coca Cola,147.18,276
S062,Arroz Pepsi 461,0237655152,Verduras,2028-03-19,Pepsi,166.27,268
S063,Frijol Lay's 462,1333082277,Congelados,2028-11-09,Lay's,174.35,34
S064,Pan Knorr 463,5462843695,Snacks,2026-03-15,Knorr,9.13,315
S065,Jugo McCormick 464,3500868956,Cereales,2026-06-16,McCormick,71.66,86
S066,Jabon Dos Pinos 465,7841327260,Lacteos,2026-11-06,Dos Pinos,48.96,248
S067,Shampoo Bimbo 466,4344724814,Granos,2026-01-04,Bimbo,146.34,247
S068,Aceite Nestle 467,4270040877,Bebidas,2028-05-21,Nestle,30.21,6
S069,Azucar Colgate 468,4042979849,Panaderia,2027-12-17,Colgate,168.86,299
S070,Sal Ariel 469,6598039289,Carnes,2027-10-20,Ariel,147.01,263
S071,Cafe Palmolive 470,1922875445,Limpieza,2026-06-21,Palmolive,67.81,339
S072,Cereal Del Monte 471,8494449152,Cuidado Personal,2026-07-22,Del Monte,55.46,114
S073,Atun Maggi 472,0547726204,Aceites,2028-12-14,Maggi,189.50,145
S074,Sardina Kelloggs 473,6427480902,Condimentos,2026-02-21,Kelloggs,69.58,230
S075,Mayonesa Pringles 474,2761391612,Endulzantes,2027-09-04,Pringles,96.39,121
S076,Ketchup Coca Cola 475,4589729377,Frutas,2028-06-09,Coca Cola,32.76,117
S077,Mostaza Pepsi 476,1711673754,Verduras,2026-06-12,Pepsi,16.43,205
S078,Vinagre Lay's 477,5336976608,Congelados,2027-09-11,Lay's,90.73,77
S079,Sopa Knorr 478,5405262570,Snacks,2028-09-24,Knorr,27.89,354
S080,Pasta McCormick 479,0435090415,Cereales,2026-10-15,McCormick,29.68,16
S081,Leche Dos Pinos 480,8535053192,Lacteos,2027-07-16,Dos Pinos,176.10,371
S082,Arroz Bimbo 481,0866257464,Granos,2026-03-18,Bimbo,26.14,274
S083,Frijol Nestle 482,8115337612,Bebidas,2026-06-05,Nestle,171.86,19
S084,Pan Colgate 483,8398252652,Panaderia,2028-07-01,Colgate,126.01,386
S085,Jugo Ariel 484,2451170801,Carnes,2028-10-16,Ariel,92.16,216
S086,Jabon Palmolive 485,3483413873,Limpieza,2026-07-21,Palmolive,103.35,357
S087,Shampoo Del Monte 486,8907408723,Cuidado Personal,2028-09-11,Del Monte,64.75,122
S088,Aceite Maggi 487,6219444919,Aceites,2026-12-02,Maggi,164.95,22
S089,Azucar Kelloggs 488,7896831724,Condimentos,2028-12-22,Kelloggs,22.55,304
S090,Sal Pringles 489,5330894141,Endulzantes,2028-03-12,Pringles,89.95,391
S091,Cafe Coca Cola 490,3780257003,Frutas,2027-07-05,Coca Cola,157.77,56
S092,Cereal Pepsi 491,2336263997,Verduras,2027-12-16,Pepsi,111.69,298
S093,Atun Lay's 492,2971380396,Congelados,2027-03-11,Lay's,148.77,130
S094,Sardina Knorr 493,0088940207,Snacks,2026-07-20,Knorr,203.64,392
S095,Mayonesa McCormick 494,3776881300,Cereales,2027-05-14,McCormick,43.26,311
S096,Ketchup Dos Pinos 495,0205613512,Lacteos,2028-02-20,Dos Pinos,95.48,499
S097,Mostaza Bimbo 496,0461540005,Granos,2027-12-17,Bimbo,26.34,197
S098,Vinagre Nestle 497,1689667692,Bebidas,2028-05-10,Nestle,111.01,366
S099,Sopa Colgate 498,2840202497,Panaderia,2027-03-05,Colgate,118.33,348
S100,Pasta Ariel 499,8982024016,Carnes,2026-08-10,Ariel,65.77,163
S101,Leche Palmolive 500,5858797981,Limpieza,2028-07-16,Palmolive,59.57,295
S102,Arroz Del Monte 501,5603310644,Cuidado Personal,2028-10-22,Del Monte,183.72,307
S103,Frijol Maggi 502,6484097730,Aceites,2028-12-25,Maggi,112.44,118
S104,Pan Kelloggs 503,1310775286,Condimentos,2027-05-19,Kelloggs,159.25,4
S105,Jugo Pringles 504,1798177151,Endulzantes,2027-09-25,Pringles,8.02,314
S106,Jabon Coca Cola 505,9249357087,Frutas,2027-07-05,Coca Cola,108.64,402
S107,Shampoo Pepsi 506,9450933939,Verduras,2026-11-16,Pepsi,72.05,259
S108,Aceite Lay's 507,5794803856,Congelados,2028-06-23,Lay's,117.38,30
S109,Azucar Knorr 508,1502092515,Snacks,2028-06-22,Knorr,70.46,92
S110,Sal McCormick 509,6030254072,Cereales,2027-11-07,McCormick,22.40,191
S111,Cafe Dos Pinos 510,1403459463,Lacteos,2026-03-11,Dos Pinos,27.87,376
S112,Cereal Bimbo 511,2315195042,Granos,2027-09-20,Bimbo,43.40,188
S113,Atun Nestle 512,5212307639,Bebidas,2026-02-16,Nestle,196.46,399
S114,Sardina Colgate 513,7129638135,Panaderia,2027-04-17,Colgate,6.21,15
S115,Mayonesa Ariel 514,7002112487,Carnes,2027-03-22,Ariel,117.68,446
S116,Ketchup Palmolive 515,3374961460,Limpieza,2028-11-15,Palmolive,58.90,313
S117,Mostaza Del Monte 516,8293020907,Cuidado Personal,2027-04-20,Del Monte,127.57,466
S118,Vinagre Maggi 517,3602671927,Aceites,2026-10-05,Maggi,101.11,30
S119,Sopa Kelloggs 518,6273670383,Condimentos,2028-04-05,Kelloggs,72.06,409
S120,Pasta Pringles 519,7023916061,Endulzantes,2026-07-11,Pringles,45.86,84
S121,Leche Coca Cola 520,6838852156,Frutas,2026-06-26,Coca Cola,191.77,293
S122,Arroz Pepsi 521,9827656708,Verduras,2027-04-16,Pepsi,156.04,19
S123,Frijol Lay's 522,9091771494,Congelados,2028-03-26,Lay's,197.62,292
S124,Pan Knorr 523,6979101628,Snacks,2027-09-25,Knorr,121.48,56
S125,Jugo McCormick 524,9429440015,Cereales,2028-06-01,McCormick,119.36,369
S126,Jabon Dos Pinos 525,3968340630,Lacteos,2028-09-25,Dos Pinos,168.13,403
S127,Shampoo Bimbo 526,6613071390,Granos,2026-11-27,Bimbo,38.46,140
S128,Aceite Nestle 527,3222208106,Bebidas,2028-04-21,Nestle,81.60,412
S129,Azucar Colgate 528,9159019500,Panaderia,2026-08-10,Colgate,42.16,165
S130,Sal Ariel 529,9459083428,Carnes,2027-06-26,Ariel,7.67,489
S131,Cafe Palmolive 530,2160145669,Limpieza,2028-08-26,Palmolive,152.95,140
S132,Cereal Del Monte 531,0311469686,Cuidado Personal,2028-03-02,Del Monte,30.25,349
S133,Atun Maggi 532,9085769119,Aceites,2028-04-14,Maggi,177.59,221
S134,Sardina Kelloggs 533,2969295460,Condimentos,2028-06-11,Kelloggs,88.16,76
S135,Mayonesa Pringles 534,4516985951,Endulzantes,2026-07-15,Pringles,66.28,120
S136,Ketchup Coca Cola 535,3511016942,Frutas,2026-12-08,Coca Cola,52.78,187
S137,Mostaza Pepsi 536,9070355301,Verduras,2027-02-02,Pepsi,103.95,401
S138,Vinagre Lay's 537,3340274956,Congelados,2028-03-12,Lay's,192.27,417
S139,Sopa Knorr 538,7456215991,Snacks,2028-04-20,Knorr,99.68,347
S140,Pasta McCormick 539,5642395262,Cereales,2026-09-17,McCormick,5.91,151
S141,Leche Dos Pinos 540,2037130131,Lacteos,2026-04-16,Dos Pinos,167.96,485
S142,Arroz Bimbo 541,8000591109,Granos,2028-10-07,Bimbo,81.42,371
S143,Frijol Nestle 542,0308414705,Bebidas,2026-11-09,Nestle,176.25,394
S144,Pan Colgate 543,2646594741,Panaderia,2026-06-06,Colgate,26.47,132
S145,Jugo Ariel 544,9056989196,Carnes,2026-12-12,Ariel,135.81,372
S146,Jabon Palmolive 545,7876395665,Limpieza,2027-12-09,Palmolive,69.95,267
S147,Shampoo Del Monte 546,2158788781,Cuidado Personal,2028-08-10,Del Monte,161.30,48
S148,Aceite Maggi 547,3868639013,Aceites,2028-01-03,Maggi,183.76,134
S149,Azucar Kelloggs 548,2101750182,Condimentos,2027-08-18,Kelloggs,70.06,98
S150,Sal Pringles 549,8574118184,Endulzantes,2028-08-12,Pringles,33.98,236
S151,Cafe Coca Cola 550,2331880788,Frutas,2026-02-06,Coca Cola,16.14,103
S152,Cereal Pepsi 551,8719715067,Verduras,2028-07-23,Pepsi,170.37,158
S153,Atun Lay's 552,7633301817,Congelados,2026-07-11,Lay's,60.54,7
S154,Sardina Knorr 553,5034116302,Snacks,2027-07-20,Knorr,27.72,420
S155,Mayonesa McCormick 554,2900737291,Cereales,2028-04-05,McCormick,180.79,370
S156,Ketchup Dos Pinos 555,5970722313,Lacteos,2027-02-15,Dos Pinos,10.91,80
S157,Mostaza Bimbo 556,4908121950,Granos,2028-06-16,Bimbo,156.23,260
S158,Vinagre Nestle 557,6379710032,Bebidas,2028-02-22,Nestle,157.70,104
S159,Sopa Colgate 558,4897310327,Panaderia,2026-10-09,Colgate,46.17,203
S160,Pasta Ariel 559,3734426445,Carnes,2027-11-05,Ariel,55.11,354
S161,Leche Palmolive 560,2360944000,Limpieza,2026-11-27,Palmolive,131.81,294
S162,Arroz Del Monte 561,5873861612,Cuidado Personal,2027-10-08,Del Monte,198.73,414
S163,Frijol Maggi 562,7026908754,Aceites,2028-09-24,Maggi,190.99,456
S164,Pan Kelloggs 563,1546475765,Condimentos,2026-09-14,Kelloggs,186.71,111
S165,Jugo Pringles 564,5435496429,Endulzantes,2027-02-01,Pringles,103.69,297
S166,Jabon Coca Cola 565,0657102422,Frutas,2027-11-22,Coca Cola,157.46,392
S167,Shampoo Pepsi 566,0853029790,Verduras,2027-09-25,Pepsi,123.68,452
S168,Aceite Lay's 567,6114912587,Congelados,2026-08-27,Lay's,132.85,191
S169,Azucar Knorr 568,6314775858,Snacks,2028-06-01,Knorr,175.40,249
S170,Sal McCormick 569,5397330765,Cereales,2026-02-10,McCormick,11.17,148
S171,Cafe Dos Pinos 570,2926277210,Lacteos,2027-06-02,Dos Pinos,138.29,345
S172,Cereal Bimbo 571,3351899683,Granos,2027-05-01,Bimbo,143.70,282
S173,Atun Nestle 572,8787716708,Bebidas,2027-08-08,Nestle,27.31,442
S174,Sardina Colgate 573,6387840001,Panaderia,2027-02-08,Colgate,9.86,393
S175,Mayonesa Ariel 574,9885210075,Carnes,2028-07-08,Ariel,191.22,320
S176,Ketchup Palmolive 575,9963783971,Limpieza,2028-08-07,Palmolive,113.48,143
S177,Mostaza Del Monte 576,8275300064,Cuidado Personal,2027-10-20,Del Monte,20.57,37
S178,Vinagre Maggi 577,9678356736,Aceites,2028-10-14,Maggi,203.22,377
S179,Sopa Kelloggs 578,5106048935,Condimentos,2028-12-23,Kelloggs,182.07,161
S180,Pasta Pringles 579,2959847363,Endulzantes,2027-07-01,Pringles,40.22,87
S181,Leche Coca Cola 580,0832644261,Frutas,2028-04-15,Coca Cola,136.04,156
S182,Arroz Pepsi 581,9798739011,Verduras,2028-12-22,Pepsi,7.00,278
S183,Frijol Lay's 582,9169198786,Congelados,2026-06-15,Lay's,77.36,302
S184,Pan Knorr 583,5418179066,Snacks,2027-11-22,Knorr,146.89,54
S185,Jugo McCormick 584,3203142884,Cereales,2028-08-18,McCormick,10.55,488
S186,Jabon Dos Pinos 585,8553754446,Lacteos,2027-05-15,Dos Pinos,197.37,148
S187,Shampoo Bimbo 586,1361589923,Granos,2027-11-11,Bimbo,197.99,186
S188,Aceite Nestle 587,9747498891,Bebidas,2027-02-20,Nestle,185.67,140
S189,Azucar Colgate 588,9638662769,Panaderia,2026-07-04,Colgate,129.60,239
S190,Sal Ariel 589,8899873834,Carnes,2026-05-17,Ariel,134.63,300
S191,Cafe Palmolive 590,4130000281,Limpieza,2028-12-26,Palmolive,173.54,355
S192,Cereal Del Monte 591,4913822367,Cuidado Personal,2027-07-01,Del Monte,134.49,474
S193,Atun Maggi 592,1488827695,Aceites,2027-06-23,Maggi,203.27,289
S194,Sardina Kelloggs 593,1926855291,Condimentos,2026-11-23,Kelloggs,51.00,10
S195,Mayonesa Pringles 594,9556803050,Endulzantes,2028-07-28,Pringles,184.40,195
S196,Ketchup Coca Cola 595,5033236992,Frutas,2027-01-20,Coca Cola,73.52,268
S197,Mostaza Pepsi 596,4623582444,Verduras,2026-10-14,Pepsi,153.60,147
S198,Vinagre Lay's 597,7282636139,Congelados,2026-12-20,Lay's,42.75,142
S199,Sopa Knorr 598,8694833370,Snacks,2026-09-22,Knorr,44.99,414
S200,Pasta McCormick 599,8468331636,Cereales,2028-02-09,McCormick,165.52,447
S201,Leche Dos Pinos 600,8013312828,Lacteos,2027-04-15,Dos Pinos,45.51,246
S202,Arroz Bimbo 601,3631622415,Granos,2026-07-16,Bimbo,185.71,285
S203,Frijol Nestle 602,3103643549,Bebidas,2028-09-10,Nestle,203.27,452
S204,Pan Colgate 603,0540765124,Panaderia,2027-04-20,Colgate,136.63,120
S205,Jugo Ariel 604,3914692340,Carnes,2028-06-19,Ariel,195.90,432
S206,Jabon Palmolive 605,1257869188,Limpieza,2028-03-24,Palmolive,101.55,75
S207,Shampoo Del Monte 606,5188155703,Cuidado Personal,2028-11-19,Del Monte,78.04,177
S208,Aceite Maggi 607,8509715782,Aceites,2026-04-24,Maggi,183.83,273
S209,Azucar Kelloggs 608,1763011495,Condimentos,2026-12-21,Kelloggs,109.21,47
S210,Sal Pringles 609,8238387902,Endulzantes,2028-06-15,Pringles,116.22,343
S211,Cafe Coca Cola 610,1899345396,Frutas,2028-09-13,Coca Cola,60.72,165
S212,Cereal Pepsi 611,4056545224,Verduras,2026-07-01,Pepsi,19.08,327
S213,Atun Lay's 612,5464914133,Congelados,2027-01-22,Lay's,8.08,218
S214,Sardina Knorr 613,1269567092,Snacks,2027-04-07,Knorr,92.82,47
S215,Mayonesa McCormick 614,2906276560,Cereales,2026-12-01,McCormick,9.54,200
S216,Ketchup Dos Pinos 615,0521371679,Lacteos,2028-02-20,Dos Pinos,69.16,290
S217,Mostaza Bimbo 616,1245673693,Granos,2026-06-17,Bimbo,140.88,404
S218,Vinagre Nestle 617,0361198800,Bebidas,2028-01-11,Nestle,164.13,128
S219,Sopa Colgate 618,5302646077,Panaderia,2027-04-05,Colgate,90.04,50
S220,Pasta Ariel 619,8135511955,Carnes,2028-02-22,Ariel,123.39,460
S221,Leche Palmolive 620,2259354098,Limpieza,2026-02-02,Palmolive,151.69,354
S222,Arroz Del Monte 621,8375282726,Cuidado Personal,2027-03-15,Del Monte,116.62,20
S223,Frijol Maggi 622,5484293546,Aceites,2027-09-23,Maggi,6.62,118
S224,Pan Kelloggs 623,1219941729,Condimentos,2026-06-26,Kelloggs,94.60,63
S225,Jugo Pringles 624,2049988199,Endulzantes,2028-10-09,Pringles,186.51,366
S226,Jabon Coca Cola 625,5494495958,Frutas,2028-07-17,Coca Cola,179.27,245
S227,Shampoo Pepsi 626,0446629160,Verduras,2028-08-20,Pepsi,98.55,273
S228,Aceite Lay's 627,3163124832,Congelados,2026-11-26,Lay's,128.94,61
S229,Azucar Knorr 628,8798983305,Snacks,2028-02-23,Knorr,176.33,44
S230,Sal McCormick 629,9156391527,Cereales,2027-06-17,McCormick,166.73,267
S231,Cafe Dos Pinos 630,3917345145,Lacteos,2028-02-24,Dos Pinos,161.80,349
S232,Cereal Bimbo 631,3868450370,Granos,2026-06-06,Bimbo,78.40,465
S233,Atun Nestle 632,2135248533,Bebidas,2028-11-28,Nestle,141.79,319
S234,Sardina Colgate 633,1812078136,Panaderia,2026-03-12,Colgate,115.77,371
S235,Mayonesa Ariel 634,0803244023,Carnes,2027-09-19,Ariel,97.74,142
S236,Ketchup Palmolive 635,1941667959,Limpieza,2028-07-27,Palmolive,107.93,463
S237,Mostaza Del Monte 636,1383658832,Cuidado Personal,2027-07-04,Del Monte,90.48,113
S238,Vinagre Maggi 637,7538109318,Aceites,2027-10-08,Maggi,168.02,487
S239,Sopa Kelloggs 638,0025720430,Condimentos,2026-06-26,Kelloggs,51.16,68
S240,Pasta Pringles 639,2745689978,Endulzantes,2028-11-07,Pringles,169.43,399
S241,Leche Coca Cola 640,9651897098,Frutas,2028-11-20,Coca Cola,47.35,335
S242,Arroz Pepsi 641,1641961661,Verduras,2026-08-24,Pepsi,51.31,183
S243,Frijol Lay's 642,1495891732,Congelados,2027-03-09,Lay's,146.35,475
S244,Pan Knorr 643,9996477398,Snacks,2026-09-03,Knorr,71.95,222
S245,Jugo McCormick 644,0465937422,Cereales,2026-11-01,McCormick,68.40,58
S246,Jabon Dos Pinos 645,6820273393,Lacteos,2026-11-14,Dos Pinos,166.24,61
S247,Shampoo Bimbo 646,7228740962,Granos,2028-12-25,Bimbo,30.44,347
S248,Aceite Nestle 647,1739961201,Bebidas,2027-01-22,Nestle,161.61,499
S249,Azucar Colgate 648,4203974487,Panaderia,2026-10-12,Colgate,165.34,441
S250,Sal Ariel 649,7998783770,Carnes,2027-04-03,Ariel,65.76,234
S251,Cafe Palmolive 650,0852239359,Limpieza,2027-11-03,Palmolive,191.91,451
S252,Cereal Del Monte 651,5363466462,Cuidado Personal,2026-08-19,Del Monte,19.14,165
S253,Atun Maggi 652,4340050584,Aceites,2028-10-11,Maggi,11.85,33
S254,Sardina Kelloggs 653,1657994751,Condimentos,2027-12-12,Kelloggs,202.74,91
S255,Mayonesa Pringles 654,6432251951,Endulzantes,2027-07-05,Pringles,143.62,322
S256,Ketchup Coca Cola 655,4241655090,Frutas,2026-12-28,Coca Cola,170.01,184
S257,Mostaza Pepsi 656,8609848703,Verduras,2028-11-16,Pepsi,81.12,229
S258,Vinagre Lay's 657,6967855752,Congelados,2028-12-05,Lay's,192.06,148
S259,Sopa Knorr 658,2486641058,Snacks,2027-02-13,Knorr,174.14,283
S260,Pasta McCormick 659,5887452699,Cereales,2028-06-18,McCormick,87.92,366
S261,Leche Dos Pinos 660,3045889452,Lacteos,2027-07-14,Dos Pinos,39.47,420
S262,Arroz Bimbo 661,3100167113,Granos,2028-10-14,Bimbo,124.25,403
S263,Frijol Nestle 662,9636107496,Bebidas,2028-12-26,Nestle,74.40,96
S264,Pan Colgate 663,4327295999,Panaderia,2026-06-21,Colgate,80.77,371
S265,Jugo Ariel 664,3632440252,Carnes,2027-03-05,Ariel,97.65,288
S266,Jabon Palmolive 665,4406394362,Limpieza,2028-03-27,Palmolive,119.97,113
S267,Shampoo Del Monte 666,2883329398,Cuidado Personal,2026-02-28,Del Monte,71.03,484
S268,Aceite Maggi 667,0352151017,Aceites,2026-01-13,Maggi,144.46,336
S269,Azucar Kelloggs 668,1621410400,Condimentos,2028-10-11,Kelloggs,134.64,62
S270,Sal Pringles 669,9503773178,Endulzantes,2027-02-24,Pringles,53.39,473
S271,Cafe Coca Cola 670,5493519124,Frutas,2028-05-28,Coca Cola,83.64,230
S272,Cereal Pepsi 671,2818669052,Verduras,2027-06-22,Pepsi,68.54,353
S273,Atun Lay's 672,4930089835,Congelados,2026-03-18,Lay's,14.48,442
S274,Sardina Knorr 673,4135285438,Snacks,2027-01-14,Knorr,163.06,26
S275,Mayonesa McCormick 674,9385913505,Cereales,2027-02-21,McCormick,137.46,410
S276,Ketchup Dos Pinos 675,3813481722,Lacteos,2028-08-22,Dos Pinos,92.75,58
S277,Mostaza Bimbo 676,9642375848,Granos,2028-09-16,Bimbo,156.17,300
S278,Vinagre Nestle 677,6046038586,Bebidas,2028-08-20,Nestle,70.82,247
S279,Sopa Colgate 678,9967244799,Panaderia,2028-01-16,Colgate,91.56,437
S280,Pasta Ariel 679,6073318229,Carnes,2028-08-23,Ariel,29.26,82
S281,Leche Palmolive 680,7913271466,Limpieza,2028-01-04,Palmolive,202.14,392
S282,Arroz Del Monte 681,4050895616,Cuidado Personal,2026-07-24,Del Monte,138.77,357
S283,Frijol Maggi 682,1916300143,Aceites,2027-12-01,Maggi,37.56,1
S284,Pan Kelloggs 683,9388596750,Condimentos,2028-11-27,Kelloggs,127.64,259
S285,Jugo Pringles 684,9882731221,Endulzantes,2026-08-28,Pringles,120.74,234
S286,Jabon Coca Cola 685,3589920817,Frutas,2026-04-18,Coca Cola,85.78,457
S287,Shampoo Pepsi 686,5562690983,Verduras,2026-06-07,Pepsi,144.04,134
S288,Aceite Lay's 687,7321712285,Congelados,2028-05-01,Lay's,144.04,90
S289,Azucar Knorr 688,9434476865,Snacks,2028-03-21,Knorr,56.45,302
S290,Sal McCormick 689,0294366016,Cereales,2027-03-20,McCormick,101.86,228
S291,Cafe Dos Pinos 690,0802250940,Lacteos,2027-12-21,Dos Pinos,196.29,303
S292,Cereal Bimbo 691,4496089376,Granos,2028-12-02,Bimbo,85.66,449
S293,Atun Nestle 692,5470155771,Bebidas,2028-03-27,Nestle,28.87,149
S294,Sardina Colgate 693,9290703355,Panaderia,2027-12-25,Colgate,43.16,128
S295,Mayonesa Ariel 694,1635006782,Carnes,2027-03-12,Ariel,98.02,224
S296,Ketchup Palmolive 695,4578890172,Limpieza,2028-01-24,Palmolive,172.34,400
S297,Mostaza Del Monte 696,6679720230,Cuidado Personal,2026-01-09,Del Monte,40.62,168
S298,Vinagre Maggi 697,7963212416,Aceites,2028-06-07,Maggi,63.82,221
S299,Sopa Kelloggs 698,4234433322,Condimentos,2027-02-25,Kelloggs,73.20,381
S300,Pasta Pringles 699,0442125517,Endulzantes,2027-01-16,Pringles,97.05,213
S301,Leche Coca Cola 700,3964728193,Frutas,2027-12-02,Coca Cola,125.90,391
S302,Arroz Pepsi 701,5789287811,Verduras,2028-02-16,Pepsi,107.78,310
S303,Frijol Lay's 702,5003918742,Congelados,2027-10-07,Lay's,162.51,228
S304,Pan Knorr 703,9484878804,Snacks,2028-06-08,Knorr,171.48,349
S305,Jugo McCormick 704,7010091875,Cereales,2027-06-07,McCormick,111.68,78
S306,Jabon Dos Pinos 705,0370344179,Lacteos,2028-11-12,Dos Pinos,75.49,94
S307,Shampoo Bimbo 706,8365333870,Granos,2028-07-04,Bimbo,29.06,313
S308,Aceite Nestle 707,5386314001,Bebidas,2028-06-12,Nestle,16.63,11
S309,Azucar Colgate 708,3173379038,Panaderia,2028-02-10,Colgate,116.03,8
S310,Sal Ariel 709,5018696154,Carnes,2028-08-26,Ariel,24.94,321
S311,Cafe Palmolive 710,9339682746,Limpieza,2026-10-02,Palmolive,183.86,27
S312,Cereal Del Monte 711,9583219671,Cuidado Personal,2027-11-27,Del Monte,16.70,192
S313,Atun Maggi 712,5691114520,Aceites,2027-08-14,Maggi,5.85,161
S314,Sardina Kelloggs 713,9708551000,Condimentos,2026-07-08,Kelloggs,22.05,441
S315,Mayonesa Pringles 714,0559760981,Endulzantes,2026-03-16,Pringles,153.03,236
S316,Ketchup Coca Cola 715,4451757079,Frutas,2026-09-08,Coca Cola,139.67,185
S317,Mostaza Pepsi 716,6050402765,Verduras,2027-10-22,Pepsi,124.41,240
S318,Vinagre Lay's 717,4836899123,Congelados,2026-04-21,Lay's,140.41,109
S319,Sopa Knorr 718,8404413686,Snacks,2027-12-28,Knorr,155.84,334
S320,Pasta McCormick 719,8772614618,Cereales,2027-04-06,McCormick,158.51,267
S321,Leche Dos Pinos 720,4673633347,Lacteos,2027-08-14,Dos Pinos,190.37,227
S322,Arroz Bimbo 721,6162263591,Granos,2027-06-23,Bimbo,61.36,202
S323,Frijol Nestle 722,0070390148,Bebidas,2027-11-27,Nestle,91.39,375
S324,Pan Colgate 723,5905509674,Panaderia,2026-07-01,Colgate,159.37,365
S325,Jugo Ariel 724,4322768411,Carnes,2026-10-09,Ariel,95.94,375
S326,Jabon Palmolive 725,5473717388,Limpieza,2026-03-13,Palmolive,147.48,454
S327,Shampoo Del Monte 726,2864039426,Cuidado Personal,2027-11-22,Del Monte,64.66,256
S328,Aceite Maggi 727,7422674295,Aceites,2026-11-15,Maggi,173.28,405
S329,Azucar Kelloggs 728,3849242472,Condimentos,2028-12-11,Kelloggs,39.34,333
S330,Sal Pringles 729,2602043612,Endulzantes,2026-12-25,Pringles,74.70,138
S331,Cafe Coca Cola 730,6204106279,Frutas,2028-08-22,Coca Cola,174.02,17
S332,Cereal Pepsi 731,7945234439,Verduras,2026-05-12,Pepsi,15.50,264
S333,Atun Lay's 732,7806732632,Congelados,2027-10-02,Lay's,202.17,268
S334,Sardina Knorr 733,9086894525,Snacks,2026-06-13,Knorr,115.13,193
S335,Mayonesa McCormick 734,3355883356,Cereales,2027-04-22,McCormick,160.11,76
S336,Ketchup Dos Pinos 735,5730400974,Lacteos,2026-11-17,Dos Pinos,190.68,77
S337,Mostaza Bimbo 736,8088951568,Granos,2027-01-21,Bimbo,125.69,15
S338,Vinagre Nestle 737,3045395957,Bebidas,2027-09-14,Nestle,25.49,13
S339,Sopa Colgate 738,7522189658,Panaderia,2027-11-10,Colgate,64.37,265
S340,Pasta Ariel 739,5887938590,Carnes,2028-08-10,Ariel,77.02,438
S341,Leche Palmolive 740,5637470879,Limpieza,2027-08-10,Palmolive,65.90,241
S342,Arroz Del Monte 741,6207911252,Cuidado Personal,2027-10-19,Del Monte,68.89,149
S343,Frijol Maggi 742,3800595566,Aceites,2026-11-21,Maggi,51.57,48
S344,Pan Kelloggs 743,3659109519,Condimentos,2026-06-02,Kelloggs,156.21,355
S345,Jugo Pringles 744,3363395147,Endulzantes,2026-05-04,Pringles,86.22,497
S346,Jabon Coca Cola 745,3821329696,Frutas,2026-05-18,Coca Cola,10.19,98
S347,Shampoo Pepsi 746,8851659400,Verduras,2027-02-12,Pepsi,124.34,182
S348,Aceite Lay's 747,5046044467,Congelados,2027-04-15,Lay's,50.24,414
S349,Azucar Knorr 748,6314355986,Snacks,2028-11-06,Knorr,161.37,121
S350,Sal McCormick 749,0417615188,Cereales,2027-11-23,McCormick,34.88,148
S351,Cafe Dos Pinos 750,7923780509,Lacteos,2028-11-19,Dos Pinos,154.45,27
S352,Cereal Bimbo 751,6918447669,Granos,2028-01-10,Bimbo,171.29,160
S353,Atun Nestle 752,2853439164,Bebidas,2026-03-14,Nestle,154.74,453
S354,Sardina Colgate 753,5127048578,Panaderia,2028-02-11,Colgate,52.62,121
S355,Mayonesa Ariel 754,5347921539,Carnes,2028-06-26,Ariel,133.07,477
S356,Ketchup Palmolive 755,1938659539,Limpieza,2027-08-01,Palmolive,94.10,73
S357,Mostaza Del Monte 756,0018344605,Cuidado Personal,2028-12-21,Del Monte,12.08,322
S358,Vinagre Maggi 757,4049779475,Aceites,2026-02-14,Maggi,143.36,467
S359,Sopa Kelloggs 758,9038632002,Condimentos,2026-10-22,Kelloggs,190.34,165
S360,Pasta Pringles 759,0265367081,Endulzantes,2026-11-02,Pringles,23.48,15
S361,Leche Coca Cola 760,8043741129,Frutas,2028-09-06,Coca Cola,71.63,422
S362,Arroz Pepsi 761,8872741052,Verduras,2028-10-09,Pepsi,148.91,89
S363,Frijol Lay's 762,3444467993,Congelados,2028-09-14,Lay's,87.12,444
S364,Pan Knorr 763,2032734244,Snacks,2026-04-22,Knorr,101.53,319
S365,Jugo McCormick 764,6320268633,Cereales,2027-04-28,McCormick,172.52,171
S366,Jabon Dos Pinos 765,6683344255,Lacteos,2028-08-07,Dos Pinos,157.38,133
S367,Shampoo Bimbo 766,4634705486,Granos,2027-10-15,Bimbo,96.44,188
S368,Aceite Nestle 767,0374026997,Bebidas,2028-03-22,Nestle,32.63,118
S369,Azucar Colgate 768,2201093923,Panaderia,2027-11-15,Colgate,157.33,2
S370,Sal Ariel 769,7099990422,Carnes,2027-07-15,Ariel,92.31,459
S371,Cafe Palmolive 770,3316541204,Limpieza,2027-02-28,Palmolive,149.11,451
S372,Cereal Del Monte 771,0310888809,Cuidado Personal,2026-07-14,Del Monte,162.11,453
S373,Atun Maggi 772,3824587767,Aceites,2027-01-12,Maggi,12.68,246
S374,Sardina Kelloggs 773,0476498621,Condimentos,2026-06-12,Kelloggs,83.38,82
S375,Mayonesa Pringles 774,1697596955,Endulzantes,2028-10-17,Pringles,5.95,477
S376,Ketchup Coca Cola 775,7134632207,Frutas,2028-12-21,Coca Cola,25.25,385
S377,Mostaza Pepsi 776,0196415195,Verduras,2028-05-23,Pepsi,94.87,272
S378,Vinagre Lay's 777,5340131742,Congelados,2028-02-25,Lay's,176.25,97
S379,Sopa Knorr 778,7283453587,Snacks,2026-06-06,Knorr,61.34,417
S380,Pasta McCormick 779,7519937459,Cereales,2027-06-07,McCormick,96.17,145
S381,Leche Dos Pinos 780,9565768615,Lacteos,2026-01-21,Dos Pinos,9.53,336
S382,Arroz Bimbo 781,0436526117,Granos,2028-06-26,Bimbo,92.27,298
S383,Frijol Nestle 782,9877366137,Bebidas,2026-01-16,Nestle,12.73,110
S384,Pan Colgate 783,0910275621,Panaderia,2028-02-02,Colgate,186.66,386
S385,Jugo Ariel 784,8122145999,Carnes,2028-10-10,Ariel,178.35,168
S386,Jabon Palmolive 785,3411563879,Limpieza,2028-02-20,Palmolive,42.22,298
S387,Shampoo Del Monte 786,0317490802,Cuidado Personal,2026-04-05,Del Monte,95.49,351
S388,Aceite Maggi 787,5028327998,Aceites,2026-09-28,Maggi,186.03,372
S389,Azucar Kelloggs 788,2007346323,Condimentos,2027-07-09,Kelloggs,36.18,420
S390,Sal Pringles 789,6893478228,Endulzantes,2028-03-08,Pringles,37.51,268
S391,Cafe Coca Cola 790,2941904758,Frutas,2027-05-06,Coca Cola,188.73,356
S392,Cereal Pepsi 791,1760338295,Verduras,2028-05-16,Pepsi,203.41,148
S393,Atun Lay's 792,7414899233,Congelados,2028-05-05,Lay's,81.17,378
S394,Sardina Knorr 793,0659755559,Snacks,2027-03-01,Knorr,120.18,185
S395,Mayonesa McCormick 794,5340083424,Cereales,2026-07-05,McCormick,49.04,220
S396,Ketchup Dos Pinos 795,0719413096,Lacteos,2027-12-24,Dos Pinos,107.84,98
S397,Mostaza Bimbo 796,9558621943,Granos,2026-05-17,Bimbo,39.71,247
S398,Vinagre Nestle 797,9478628701,Bebidas,2026-02-05,Nestle,59.90,234
S399,Sopa Colgate 798,1147698590,Panaderia,2028-06-18,Colgate,30.68,264
S400,Pasta Ariel 799,8996979348,Carnes,2027-07-08,Ariel,90.78,81
S001,Leche Palmolive 800,1953322143,Limpieza,2027-08-19,Palmolive,177.75,114
S002,Arroz Del Monte 801,9632010170,Cuidado Personal,2027-04-16,Del Monte,58.05,347
S003,Frijol Maggi 802,6264518927,Aceites,2026-05-04,Maggi,109.14,128
S004,Pan Kelloggs 803,2552728784,Condimentos,2027-01-27,Kelloggs,146.57,328
S005,Jugo Pringles 804,9206775128,Endulzantes,2028-01-12,Pringles,43.96,143
S006,Jabon Coca Cola 805,3217966308,Frutas,2028-04-05,Coca Cola,65.88,279
S007,Shampoo Pepsi 806,0406449761,Verduras,2027-01-13,Pepsi,72.64,40
S008,Aceite Lay's 807,0364344239,Congelados,2027-03-24,Lay's,37.08,389
S009,Azucar Knorr 808,9809430998,Snacks,2028-07-15,Knorr,150.34,332
S010,Sal McCormick 809,3427082139,Cereales,2026-01-15,McCormick,165.60,382
S011,Cafe Dos Pinos 810,3630378607,Lacteos,2026-01-23,Dos Pinos,33.36,139
S012,Cereal Bimbo 811,6929081479,Granos,2026-01-01,Bimbo,80.86,419
S013,Atun Nestle 812,3991604304,Bebidas,2028-03-01,Nestle,160.04,196
S014,Sardina Colgate 813,9335173424,Panaderia,2027-08-26,Colgate,72.97,416
S015,Mayonesa Ariel 814,9297128663,Carnes,2028-07-08,Ariel,5.63,408
S016,Ketchup Palmolive 815,3465119107,Limpieza,2027-04-26,Palmolive,19.86,272
S017,Mostaza Del Monte 816,6693905164,Cuidado Personal,2027-12-02,Del Monte,85.28,479
S018,Vinagre Maggi 817,7770554078,Aceites,2028-07-25,Maggi,91.28,2
S019,Sopa Kelloggs 818,0352797566,Condimentos,2027-07-27,Kelloggs,66.87,49
S020,Pasta Pringles 819,6534514188,Endulzantes,2026-12-16,Pringles,105.89,28
S021,Leche Coca Cola 820,7708457697,Frutas,2028-04-23,Coca Cola,92.39,133
S022,Arroz Pepsi 821,0211204538,Verduras,2026-09-03,Pepsi,180.66,370
S023,Frijol Lay's 822,8240074570,Congelados,2027-07-12,Lay's,139.71,329
S024,Pan Knorr 823,8435934638,Snacks,2028-10-13,Knorr,81.97,294
S025,Jugo McCormick 824,9923568544,Cereales,2028-06-18,McCormick,43.14,6
S026,Jabon Dos Pinos 825,1138414320,Lacteos,2026-04-28,Dos Pinos,53.54,395
S027,Shampoo Bimbo 826,3004937618,Granos,2026-08-09,Bimbo,26.76,348
S028,Aceite Nestle 827,6108117267,Bebidas,2028-04-12,Nestle,8.55,7
S029,Azucar Colgate 828,4262026093,Panaderia,2028-02-06,Colgate,137.19,105
S030,Sal Ariel 829,6171076806,Carnes,2026-08-08,Ariel,107.21,50
S031,Cafe Palmolive 830,5961709021,Limpieza,2026-06-09,Palmolive,41.21,55
S032,Cereal Del Monte 831,1527892682,Cuidado Personal,2028-09-12,Del Monte,65.91,332
S033,Atun Maggi 832,7454830304,Aceites,2028-07-25,Maggi,53.15,286
S034,Sardina Kelloggs 833,9266526094,Condimentos,2026-04-20,Kelloggs,173.44,10
S035,Mayonesa Pringles 834,9797141477,Endulzantes,2028-09-23,Pringles,197.69,186
S036,Ketchup Coca Cola 835,5669105795,Frutas,2028-03-04,Coca Cola,86.46,464
S037,Mostaza Pepsi 836,5330543786,Verduras,2027-03-15,Pepsi,166.89,7
S038,Vinagre Lay's 837,0512875705,Congelados,2028-12-09,Lay's,86.76,75
S039,Sopa Knorr 838,0037561548,Snacks,2026-12-22,Knorr,23.67,369
S040,Pasta McCormick 839,3223059320,Cereales,2027-03-05,McCormick,16.18,89
S041,Leche Dos Pinos 840,5070749674,Lacteos,2027-01-04,Dos Pinos,151.51,217
S042,Arroz Bimbo 841,1728061121,Granos,2027-08-12,Bimbo,88.96,427
S043,Frijol Nestle 842,6203525589,Bebidas,2028-01-03,Nestle,160.31,37
S044,Pan Colgate 843,9434335787,Panaderia,2028-11-10,Colgate,77.32,238
S045,Jugo Ariel 844,6211405225,Carnes,2026-07-04,Ariel,19.84,20
S046,Jabon Palmolive 845,4051633355,Limpieza,2027-09-25,Palmolive,178.13,222
S047,Shampoo Del Monte 846,3485158293,Cuidado Personal,2027-09-08,Del Monte,189.05,499
S048,Aceite Maggi 847,6278725142,Aceites,2027-11-06,Maggi,35.78,162
S049,Azucar Kelloggs 848,4408816083,Condimentos,2027-08-25,Kelloggs,31.33,96
S050,Sal Pringles 849,1859522572,Endulzantes,2027-05-14,Pringles,123.88,402
S051,Cafe Coca Cola 850,5698046020,Frutas,2026-03-20,Coca Cola,82.40,405
S052,Cereal Pepsi 851,5956876885,Verduras,2028-08-18,Pepsi,77.31,463
S053,Atun Lay's 852,1432864151,Congelados,2026-12-09,Lay's,195.33,386
S054,Sardina Knorr 853,6798538372,Snacks,2028-04-03,Knorr,110.05,480
S055,Mayonesa McCormick 854,1094255409,Cereales,2028-05-25,McCormick,142.70,94
S056,Ketchup Dos Pinos 855,4914957868,Lacteos,2028-11-24,Dos Pinos,88.96,418
S057,Mostaza Bimbo 856,2588765453,Granos,2026-04-08,Bimbo,75.28,102
S058,Vinagre Nestle 857,3573731131,Bebidas,2027-02-12,Nestle,63.96,223
S059,Sopa Colgate 858,5499062268,Panaderia,2027-09-20,Colgate,12.60,344
S060,Pasta Ariel 859,5754895256,Carnes,2026-02-21,Ariel,109.33,349
S061,Leche Palmolive 860,5210968083,Limpieza,2026-03-21,Palmolive,53.11,165
S062,Arroz Del Monte 861,4537743589,Cuidado Personal,2028-03-17,Del Monte,167.44,124
S063,Frijol Maggi 862,0831120898,Aceites,2028-04-15,Maggi,125.30,446
S064,Pan Kelloggs 863,5399159711,Condimentos,2026-08-13,Kelloggs,191.78,107
S065,Jugo Pringles 864,7719171496,Endulzantes,2028-08-08,Pringles,45.90,243
S066,Jabon Coca Cola 865,1383348316,Frutas,2026-12-05,Coca Cola,157.08,311
S067,Shampoo Pepsi 866,9063677118,Verduras,2026-11-02,Pepsi,138.16,268
S068,Aceite Lay's 867,4078073906,Congelados,2028-06-25,Lay's,107.94,278
S069,Azucar Knorr 868,1776105445,Snacks,2027-07-08,Knorr,107.61,172
S070,Sal McCormick 869,8975249199,Cereales,2028-03-21,McCormick,85.42,453
S071,Cafe Dos Pinos 870,9912374824,Lacteos,2026-09-22,Dos Pinos,14.94,441
S072,Cereal Bimbo 871,7180959824,Granos,2026-07-02,Bimbo,35.68,142
S073,Atun Nestle 872,5667727425,Bebidas,2028-09-11,Nestle,109.15,410
S074,Sardina Colgate 873,7500252889,Panaderia,2027-05-23,Colgate,135.60,165
S075,Mayonesa Ariel 874,8683164938,Carnes,2026-06-03,Ariel,24.84,174
S076,Ketchup Palmolive 875,1567264065,Limpieza,2026-05-22,Palmolive,175.95,359
S077,Mostaza Del Monte 876,0741990974,Cuidado Personal,2027-06-05,Del Monte,60.65,225
S078,Vinagre Maggi 877,4741939234,Aceites,2027-05-17,Maggi,111.30,277
S079,Sopa Kelloggs 878,3751972880,Condimentos,2027-12-18,Kelloggs,114.07,281
S080,Pasta Pringles 879,3885716149,Endulzantes,2028-03-27,Pringles,32.58,65
S081,Leche Coca Cola 880,1470302797,Frutas,2027-03-16,Coca Cola,85.22,277
S082,Arroz Pepsi 881,1817233732,Verduras,2026-11-01,Pepsi,65.07,377
S083,Frijol Lay's 882,7023742395,Congelados,2026-10-12,Lay's,53.33,303
S084,Pan Knorr 883,6139036235,Snacks,2026-12-23,Knorr,20.33,91
S085,Jugo McCormick 884,3546844073,Cereales,2028-02-19,McCormick,91.94,167
S086,Jabon Dos Pinos 885,3543807309,Lacteos,2028-10-21,Dos Pinos,193.05,53
S087,Shampoo Bimbo 886,1179039912,Granos,2026-12-17,Bimbo,57.45,330
S088,Aceite Nestle 887,6065674243,Bebidas,2027-03-09,Nestle,41.73,436
S089,Azucar Colgate 888,9512019844,Panaderia,2026-10-03,Colgate,57.91,449
S090,Sal Ariel 889,6927895307,Carnes,2027-09-21,Ariel,182.37,339
S091,Cafe Palmolive 890,0961877791,Limpieza,2027-01-23,Palmolive,113.11,367
S092,Cereal Del Monte 891,8898757662,Cuidado Personal,2027-02-24,Del Monte,204.80,176
S093,Atun Maggi 892,5926703897,Aceites,2027-06-16,Maggi,153.34,289
S094,Sardina Kelloggs 893,5601691568,Condimentos,2028-01-08,Kelloggs,149.79,215
S095,Mayonesa Pringles 894,6655571614,Endulzantes,2028-10-28,Pringles,6.82,218
S096,Ketchup Coca Cola 895,6874094853,Frutas,2027-01-13,Coca Cola,131.03,443
S097,Mostaza Pepsi 896,9596822773,Verduras,2027-06-24,Pepsi,45.84,271
S098,Vinagre Lay's 897,9986918849,Congelados,2027-09-27,Lay's,160.93,92
S099,Sopa Knorr 898,6881214871,Snacks,2026-04-18,Knorr,58.56,428
S100,Pasta McCormick 899,0873515523,Cereales,2026-09-17,McCormick,32.76,174
S101,Leche Dos Pinos 900,0916001301,Lacteos,2026-02-27,Dos Pinos,39.52,199
S102,Arroz Bimbo 901,9373782357,Granos,2026-10-11,Bimbo,50.47,165
S103,Frijol Nestle 902,1597358430,Bebidas,2027-03-10,Nestle,42.57,370
S104,Pan Colgate 903,5948211787,Panaderia,2028-09-15,Colgate,192.06,196
S105,Jugo Ariel 904,9402235267,Carnes,2027-07-13,Ariel,18.63,35
S106,Jabon Palmolive 905,4302308331,Limpieza,2027-11-04,Palmolive,127.29,383
S107,Shampoo Del Monte 906,4974561426,Cuidado Personal,2027-06-16,Del Monte,194.22,424
S108,Aceite Maggi 907,1595279608,Aceites,2027-01-15,Maggi,110.67,185
S109,Azucar Kelloggs 908,7901443331,Condimentos,2026-05-13,Kelloggs,195.85,287
S110,Sal Pringles 909,4622853099,Endulzantes,2026-04-14,Pringles,5.46,349
S111,Cafe Coca Cola 910,1398106861,Frutas,2027-07-25,Coca Cola,60.10,155
S112,Cereal Pepsi 911,4401691189,Verduras,2026-12-10,Pepsi,203.16,298
S113,Atun Lay's 912,3046843321,Congelados,2028-02-06,Lay's,168.95,266
S114,Sardina Knorr 913,1511875847,Snacks,2028-11-15,Knorr,150.17,316
S115,Mayonesa McCormick 914,8810234504,Cereales,2026-12-08,McCormick,159.70,104
S116,Ketchup Dos Pinos 915,8818147216,Lacteos,2026-04-28,Dos Pinos,55.39,183
S117,Mostaza Bimbo 916,6480938472,Granos,2027-05-11,Bimbo,50.84,343
S118,Vinagre Nestle 917,0518094819,Bebidas,2027-07-03,Nestle,69.07,425
S119,Sopa Colgate 918,4129607234,Panaderia,2027-02-16,Colgate,80.02,480
S120,Pasta Ariel 919,1275597671,Carnes,2028-09-21,Ariel,89.21,355
S121,Leche Palmolive 920,5158560125,Limpieza,2027-10-06,Palmolive,47.09,267
S122,Arroz Del Monte 921,0176996577,Cuidado Personal,2027-02-27,Del Monte,52.90,67
S123,Frijol Maggi 922,7533335303,Aceites,2027-07-20,Maggi,172.51,221
S124,Pan Kelloggs 923,4814515230,Condimentos,2028-10-21,Kelloggs,190.12,343
S125,Jugo Pringles 924,8294729452,Endulzantes,2027-08-27,Pringles,158.92,378
S126,Jabon Coca Cola 925,5688396937,Frutas,2028-03-14,Coca Cola,17.43,460
S127,Shampoo Pepsi 926,5352752735,Verduras,2028-06-14,Pepsi,92.38,483
S128,Aceite Lay's 927,4440619016,Congelados,2028-03-08,Lay's,186.94,176
S129,Azucar Knorr 928,6972864858,Snacks,2026-01-02,Knorr,146.83,183
S130,Sal McCormick 929,4375088987,Cereales,2027-12-01,McCormick,101.57,444
S131,Cafe Dos Pinos 930,0544281503,Lacteos,2026-01-23,Dos Pinos,164.48,70
S132,Cereal Bimbo 931,0740491859,Granos,2028-03-13,Bimbo,194.13,207
S133,Atun Nestle 932,0709604245,Bebidas,2028-04-19,Nestle,151.60,242
S134,Sardina Colgate 933,7527042793,Panaderia,2026-10-20,Colgate,39.98,243
S135,Mayonesa Ariel 934,3808528452,Carnes,2028-04-22,Ariel,36.26,205
S136,Ketchup Palmolive 935,7124770784,Limpieza,2028-03-25,Palmolive,129.01,337
S137,Mostaza Del Monte 936,5457917017,Cuidado Personal,2028-11-26,Del Monte,186.45,474
S138,Vinagre Maggi 937,1491791480,Aceites,2028-05-09,Maggi,30.09,440
S139,Sopa Kelloggs 938,8808810202,Condimentos,2028-04-04,Kelloggs,72.29,273
S140,Pasta Pringles 939,5344026439,Endulzantes,2028-09-25,Pringles,80.17,273
S141,Leche Coca Cola 940,6262016489,Frutas,2027-07-12,Coca Cola,171.36,324
S142,Arroz Pepsi 941,2358027204,Verduras,2026-04-24,Pepsi,189.24,221
S143,Frijol Lay's 942,5667851001,Congelados,2027-05-23,Lay's,42.52,484
S144,Pan Knorr 943,7580107549,Snacks,2027-03-28,Knorr,90.59,386
S145,Jugo McCormick 944,0518015514,Cereales,2026-01-20,McCormick,196.95,441
S146,Jabon Dos Pinos 945,2774525691,Lacteos,2026-08-20,Dos Pinos,171.20,240
S147,Shampoo Bimbo 946,0231033164,Granos,2028-09-12,Bimbo,111.67,415
S148,Aceite Nestle 947,7033103839,Bebidas,2027-11-12,Nestle,107.21,317
S149,Azucar Colgate 948,9867136985,Panaderia,2027-09-16,Colgate,66.00,272
S150,Sal Ariel 949,3698566573,Carnes,2028-10-10,Ariel,149.17,329
S151,Cafe Palmolive 950,0338918820,Limpieza,2026-04-08,Palmolive,17.92,220
S152,Cereal Del Monte 951,1849347757,Cuidado Personal,2027-01-25,Del Monte,66.38,158
S153,Atun Maggi 952,4792402604,Aceites,2027-08-07,Maggi,67.61,163
S154,Sardina Kelloggs 953,7753346150,Condimentos,2027-04-20,Kelloggs,64.11,355
S155,Mayonesa Pringles 954,0292326068,Endulzantes,2028-01-05,Pringles,109.45,350
S156,Ketchup Coca Cola 955,1182282702,Frutas,2027-06-02,Coca Cola,101.73,418
S157,Mostaza Pepsi 956,9653351506,Verduras,2028-01-27,Pepsi,166.15,307
S158,Vinagre Lay's 957,9656389241,Congelados,2026-03-03,Lay's,21.04,262
S159,Sopa Knorr 958,2690681897,Snacks,2028-12-25,Knorr,193.17,230
S160,Pasta McCormick 959,8494257069,Cereales,2026-05-01,McCormick,113.59,174
S161,Leche Dos Pinos 960,9066241132,Lacteos,2028-10-25,Dos Pinos,18.00,454
S162,Arroz Bimbo 961,1273080782,Granos,2028-08-25,Bimbo,126.62,344
S163,Frijol Nestle 962,6888694359,Bebidas,2028-03-01,Nestle,34.22,305
S164,Pan Colgate 963,9678482693,Panaderia,2027-03-05,Colgate,97.73,170
S165,Jugo Ariel 964,7490050032,Carnes,2028-09-12,Ariel,39.01,414
S166,Jabon Palmolive 965,6331679663,Limpieza,2028-06-17,Palmolive,64.11,282
S167,Shampoo Del Monte 966,1234945108,Cuidado Personal,2026-09-21,Del Monte,155.17,376
S168,Aceite Maggi 967,1895046908,Aceites,2027-02-11,Maggi,72.35,56
S169,Azucar Kelloggs 968,9244849862,Condimentos,2027-06-21,Kelloggs,88.50,69
S170,Sal Pringles 969,7779491384,Endulzantes,2028-07-18,Pringles,50.69,10
S171,Cafe Coca Cola 970,3795572872,Frutas,2028-02-07,Coca Cola,58.99,294
S172,Cereal Pepsi 971,7109050222,Verduras,2027-01-10,Pepsi,133.73,397
S173,Atun Lay's 972,2733099166,Congelados,2026-08-17,Lay's,85.02,225
S174,Sardina Knorr 973,4733776957,Snacks,2028-06-09,Knorr,182.60,153
S175,Mayonesa McCormick 974,2836526735,Cereales,2027-10-17,McCormick,97.49,159
S176,Ketchup Dos Pinos 975,7727333632,Lacteos,2026-09-09,Dos Pinos,201.41,453
S177,Mostaza Bimbo 976,9570069346,Granos,2027-12-20,Bimbo,72.13,446
S178,Vinagre Nestle 977,2967625599,Bebidas,2026-04-06,Nestle,192.04,433
S179,Sopa Colgate 978,9489315517,Panaderia,2026-10-08,Colgate,155.56,429
S180,Pasta Ariel 979,9275407471,Carnes,2026-10-20,Ariel,45.17,26
S181,Leche Palmolive 980,0689015515,Limpieza,2028-03-04,Palmolive,136.19,345
S182,Arroz Del Monte 981,1243555108,Cuidado Personal,2026-10-14,Del Monte,67.26,355
S183,Frijol Maggi 982,7322233374,Aceites,2026-08-08,Maggi,178.22,280
S184,Pan Kelloggs 983,6043006800,Condimentos,2027-07-17,Kelloggs,183.10,389
S185,Jugo Pringles 984,0851102220,Endulzantes,2026-01-21,Pringles,108.52,73
S186,Jabon Coca Cola 985,8858412169,Frutas,2026-02-01,Coca Cola,35.19,444
S187,Shampoo Pepsi 986,8077866212,Verduras,2026-04-16,Pepsi,69.71,157
S188,Aceite Lay's 987,6011261470,Congelados,2026-06-12,Lay's,65.36,380
S189,Azucar Knorr 988,5452751470,Snacks,2028-07-25,Knorr,15.93,268
S190,Sal McCormick 989,6410021160,Cereales,2028-11-23,McCormick,170.59,139
S191,Cafe Dos Pinos 990,3511506432,Lacteos,2026-03-06,Dos Pinos,122.37,498
S192,Cereal Bimbo 991,6874659354,Granos,2028-04-06,Bimbo,146.77,412
S193,Atun Nestle 992,6668016242,Bebidas,2027-10-25,Nestle,74.73,294
S194,Sardina Colgate 993,4102700899,Panaderia,2026-06-08,Colgate,198.97,245
S195,Mayonesa Ariel 994,9078793549,Carnes,2028-01-10,Ariel,143.20,494
S196,Ketchup Palmolive 995,0246966292,Limpieza,2026-10-04,Palmolive,55.12,5
S197,Mostaza Del Monte 996,4929681684,Cuidado Personal,2028-10-01,Del Monte,114.68,446
S198,Vinagre Maggi 997,9520652856,Aceites,2028-02-17,Maggi,42.09,390
S199,Sopa Kelloggs 998,9067339210,Condimentos,2026-12-11,Kelloggs,195.42,286
S200,Pasta Pringles 999,6427782711,Endulzantes,2028-02-17,Pringles,46.24,124
S201,Leche Coca Cola 1000,9320100798,Frutas,2026-10-08,Coca Cola,110.88,107
S202,Arroz Pepsi 1001,9110359524,Verduras,2026-03-03,Pepsi,95.90,188
S203,Frijol Lay's 1002,1990828971,Congelados,2026-12-07,Lay's,90.42,412
S204,Pan Knorr 1003,5783973056,Snacks,2027-04-24,Knorr,93.09,219
S205,Jugo McCormick 1004,6406038611,Cereales,2026-02-24,McCormick,52.69,405
S206,Jabon Dos Pinos 1005,7574503761,Lacteos,2026-05-21,Dos Pinos,60.64,198
S207,Shampoo Bimbo 1006,6981682760,Granos,2027-05-16,Bimbo,126.44,376
S208,Aceite Nestle 1007,0666998487,Bebidas,2028-01-16,Nestle,172.67,14
S209,Azucar Colgate 1008,6633484063,Panaderia,2028-03-19,Colgate,14.83,478
S210,Sal Ariel 1009,2797332649,Carnes,2028-02-02,Ariel,111.77,21
S211,Cafe Palmolive 1010,0263386903,Limpieza,2026-01-21,Palmolive,170.12,469
S212,Cereal Del Monte 1011,8312019054,Cuidado Personal,2028-03-06,Del Monte,43.87,490
S213,Atun Maggi 1012,6280215775,Aceites,2026-04-03,Maggi,35.22,467
S214,Sardina Kelloggs 1013,7222407514,Condimentos,2026-05-28,Kelloggs,34.89,40
S215,Mayonesa Pringles 1014,6814594107,Endulzantes,2028-09-22,Pringles,127.90,141
S216,Ketchup Coca Cola 1015,0878369715,Frutas,2027-09-13,Coca Cola,85.66,58
S217,Mostaza Pepsi 1016,0502505079,Verduras,2027-02-28,Pepsi,50.31,363
S218,Vinagre Lay's 1017,1751201404,Congelados,2027-02-14,Lay's,113.98,29
S219,Sopa Knorr 1018,6391584145,Snacks,2028-08-16,Knorr,52.68,328
S220,Pasta McCormick 1019,4032599295,Cereales,2028-12-24,McCormick,137.81,399
S221,Leche Dos Pinos 1020,3998634154,Lacteos,2028-12-05,Dos Pinos,142.56,307
S222,Arroz Bimbo 1021,2492325525,Granos,2026-12-21,Bimbo,79.52,414
S223,Frijol Nestle 1022,2005999089,Bebidas,2028-09-04,Nestle,88.61,386
S224,Pan Colgate 1023,9153875253,Panaderia,2028-11-17,Colgate,96.00,404
S225,Jugo Ariel 1024,8076276922,Carnes,2027-07-25,Ariel,191.68,359
S226,Jabon Palmolive 1025,4930808532,Limpieza,2028-04-23,Palmolive,36.95,179
S227,Shampoo Del Monte 1026,2223653225,Cuidado Personal,2028-05-21,Del Monte,44.52,3
S228,Aceite Maggi 1027,0832247510,Aceites,2028-11-24,Maggi,154.64,254
S229,Azucar Kelloggs 1028,7650022092,Condimentos,2027-06-11,Kelloggs,69.56,132
S230,Sal Pringles 1029,3822677076,Endulzantes,2027-05-18,Pringles,128.53,222
S231,Cafe Coca Cola 1030,3770710914,Frutas,2026-01-02,Coca Cola,138.03,420
S232,Cereal Pepsi 1031,9533459349,Verduras,2028-06-28,Pepsi,53.42,328
S233,Atun Lay's 1032,3233110469,Congelados,2027-09-14,Lay's,44.37,190
S234,Sardina Knorr 1033,0627087651,Snacks,2026-07-06,Knorr,86.07,304
S235,Mayonesa McCormick 1034,7947964635,Cereales,2028-11-14,McCormick,111.23,50
S236,Ketchup Dos Pinos 1035,4061324537,Lacteos,2028-07-18,Dos Pinos,196.51,177
S237,Mostaza Bimbo 1036,3711520507,Granos,2026-04-04,Bimbo,55.59,136
S238,Vinagre Nestle 1037,1032155214,Bebidas,2026-12-28,Nestle,36.04,265
S239,Sopa Colgate 1038,8740816188,Panaderia,2028-04-14,Colgate,139.81,232
S240,Pasta Ariel 1039,4110372701,Carnes,2028-10-26,Ariel,63.52,481
S241,Leche Palmolive 1040,5812021441,Limpieza,2028-05-26,Palmolive,140.03,397
S242,Arroz Del Monte 1041,4284714459,Cuidado Personal,2026-12-19,Del Monte,187.69,350
S243,Frijol Maggi 1042,3541639549,Aceites,2027-08-13,Maggi,175.66,270
S244,Pan Kelloggs 1043,4428203547,Condimentos,2027-05-22,Kelloggs,145.32,382
S245,Jugo Pringles 1044,2652620419,Endulzantes,2026-01-25,Pringles,137.01,333
S246,Jabon Coca Cola 1045,5240293309,Frutas,2026-10-18,Coca Cola,160.63,265
S247,Shampoo Pepsi 1046,0229628883,Verduras,2026-08-01,Pepsi,12.55,197
S248,Aceite Lay's 1047,4040301674,Congelados,2028-07-14,Lay's,127.39,430
S249,Azucar Knorr 1048,5823251915,Snacks,2028-06-07,Knorr,168.70,57
S250,Sal McCormick 1049,8041593258,Cereales,2027-10-05,McCormick,73.31,379
S251,Cafe Dos Pinos 1050,3798756272,Lacteos,2027-02-19,Dos Pinos,190.05,390
S252,Cereal Bimbo 1051,7962694785,Granos,2028-05-03,Bimbo,69.77,298
S253,Atun Nestle 1052,4955123855,Bebidas,2028-08-15,Nestle,124.73,9
S254,Sardina Colgate 1053,1013036410,Panaderia,2028-03-02,Colgate,186.04,478
S255,Mayonesa Ariel 1054,9078256130,Carnes,2026-11-09,Ariel,44.09,259
S256,Ketchup Palmolive 1055,8651287799,Limpieza,2026-05-16,Palmolive,147.93,19
S257,Mostaza Del Monte 1056,6084085775,Cuidado Personal,2028-04-01,Del Monte,59.39,293
S258,Vinagre Maggi 1057,8908689697,Aceites,2027-02-15,Maggi,143.50,199
S259,Sopa Kelloggs 1058,8667962769,Condimentos,2026-09-13,Kelloggs,141.52,476
S260,Pasta Pringles 1059,3592996458,Endulzantes,2026-06-05,Pringles,176.91,424
S261,Leche Coca Cola 1060,9327451456,Frutas,2028-10-13,Coca Cola,162.54,153
S262,Arroz Pepsi 1061,8894452320,Verduras,2026-06-04,Pepsi,26.69,186
S263,Frijol Lay's 1062,6563424698,Congelados,2028-02-01,Lay's,195.54,6
S264,Pan Knorr 1063,9123819592,Snacks,2027-01-28,Knorr,52.16,268
S265,Jugo McCormick 1064,0505446449,Cereales,2027-07-20,McCormick,168.54,402
S266,Jabon Dos Pinos 1065,0241293238,Lacteos,2026-10-08,Dos Pinos,110.15,425
S267,Shampoo Bimbo 1066,5707296361,Granos,2027-06-15,Bimbo,115.26,62
S268,Aceite Nestle 1067,8819496139,Bebidas,2027-12-07,Nestle,86.74,492
S269,Azucar Colgate 1068,2611236352,Panaderia,2028-05-19,Colgate,167.76,244
S270,Sal Ariel 1069,6332176505,Carnes,2026-06-11,Ariel,9.71,121
S271,Cafe Palmolive 1070,8863692770,Limpieza,2028-04-26,Palmolive,51.91,428
S272,Cereal Del Monte 1071,5904768022,Cuidado Personal,2026-10-13,Del Monte,15.04,45
S273,Atun Maggi 1072,2478330014,Aceites,2028-08-16,Maggi,115.66,321
S274,Sardina Kelloggs 1073,5712487572,Condimentos,2026-06-11,Kelloggs,167.58,445
S275,Mayonesa Pringles 1074,4390170284,Endulzantes,2028-09-25,Pringles,152.65,384
S276,Ketchup Coca Cola 1075,3964110648,Frutas,2026-12-02,Coca Cola,118.71,366
S277,Mostaza Pepsi 1076,3785818709,Verduras,2028-08-26,Pepsi,94.43,299
S278,Vinagre Lay's 1077,0063101445,Congelados,2028-11-28,Lay's,24.19,421
S279,Sopa Knorr 1078,7614281211,Snacks,2027-01-08,Knorr,66.91,432
S280,Pasta McCormick 1079,9971289733,Cereales,2027-01-18,McCormick,169.92,366
S281,Leche Dos Pinos 1080,8195693105,Lacteos,2028-10-12,Dos Pinos,163.61,30
S282,Arroz Bimbo 1081,1398634141,Granos,2026-06-06,Bimbo,93.05,479
S283,Frijol Nestle 1082,5359365767,Bebidas,2028-04-23,Nestle,103.55,144
S284,Pan Colgate 1083,5114511933,Panaderia,2026-05-26,Colgate,177.12,402
S285,Jugo Ariel 1084,2050445868,Carnes,2026-03-08,Ariel,53.87,466
S286,Jabon Palmolive 1085,8181878114,Limpieza,2027-11-19,Palmolive,97.78,95
S287,Shampoo Del Monte 1086,1102137498,Cuidado Personal,2028-06-04,Del Monte,104.55,28
S288,Aceite Maggi 1087,3644772689,Aceites,2026-10-24,Maggi,81.74,98
S289,Azucar Kelloggs 1088,5452752151,Condimentos,2027-04-22,Kelloggs,179.17,480
S290,Sal Pringles 1089,1232186061,Endulzantes,2028-11-15,Pringles,155.70,478
S291,Cafe Coca Cola 1090,9914988420,Frutas,2027-01-12,Coca Cola,97.64,312
S292,Cereal Pepsi 1091,0283031629,Verduras,2026-04-10,Pepsi,98.99,380
S293,Atun Lay's 1092,9565199238,Congelados,2026-06-13,Lay's,178.48,163
S294,Sardina Knorr 1093,2529305830,Snacks,2026-04-25,Knorr,45.18,264
S295,Mayonesa McCormick 1094,3135923451,Cereales,2028-11-17,McCormick,5.42,458
S296,Ketchup Dos Pinos 1095,1971869218,Lacteos,2026-05-22,Dos Pinos,172.50,342
S297,Mostaza Bimbo 1096,3933756277,Granos,2026-06-12,Bimbo,28.08,474
S298,Vinagre Nestle 1097,4579504467,Bebidas,2027-07-03,Nestle,194.76,361
S299,Sopa Colgate 1098,3962354471,Panaderia,2027-12-15,Colgate,34.85,269
S300,Pasta Ariel 1099,2480878535,Carnes,2026-08-10,Ariel,190.91,76
S301,Leche Palmolive 1100,5117889130,Limpieza,2028-05-13,Palmolive,159.26,297
S302,Arroz Del Monte 1101,6161568626,Cuidado Personal,2026-10-23,Del Monte,93.20,279
S303,Frijol Maggi 1102,4687572308,Aceites,2028-01-17,Maggi,193.06,304
S304,Pan Kelloggs 1103,4521313283,Condimentos,2028-12-11,Kelloggs,202.40,215
S305,Jugo Pringles 1104,1446467096,Endulzantes,2027-12-24,Pringles,66.45,243
S306,Jabon Coca Cola 1105,4043956093,Frutas,2026-06-19,Coca Cola,192.39,415
S307,Shampoo Pepsi 1106,7181184528,Verduras,2028-10-18,Pepsi,146.64,34
S308,Aceite Lay's 1107,8179099804,Congelados,2027-07-25,Lay's,155.82,364
S309,Azucar Knorr 1108,7727872559,Snacks,2026-09-12,Knorr,72.68,312
S310,Sal McCormick 1109,0420150121,Cereales,2027-02-16,McCormick,129.88,437
S311,Cafe Dos Pinos 1110,7278725386,Lacteos,2028-04-19,Dos Pinos,18.65,4
S312,Cereal Bimbo 1111,1057416869,Granos,2027-07-12,Bimbo,25.76,468
S313,Atun Nestle 1112,7658604083,Bebidas,2027-04-05,Nestle,138.33,27
S314,Sardina Colgate 1113,3387097740,Panaderia,2026-02-26,Colgate,81.93,42
S315,Mayonesa Ariel 1114,4316614364,Carnes,2027-11-01,Ariel,37.38,143
S316,Ketchup Palmolive 1115,6483241416,Limpieza,2027-12-03,Palmolive,101.45,127
S317,Mostaza Del Monte 1116,5709752760,Cuidado Personal,2028-07-13,Del Monte,81.42,106
S318,Vinagre Maggi 1117,0835667834,Aceites,2028-11-19,Maggi,163.48,22
S319,Sopa Kelloggs 1118,5574200417,Condimentos,2027-07-27,Kelloggs,180.15,387
S320,Pasta Pringles 1119,2486823264,Endulzantes,2027-10-10,Pringles,150.85,7
S321,Leche Coca Cola 1120,0578272965,Frutas,2026-08-18,Coca Cola,66.06,375
S322,Arroz Pepsi 1121,4209020603,Verduras,2026-04-04,Pepsi,6.95,299
S323,Frijol Lay's 1122,1346257340,Congelados,2026-05-21,Lay's,133.40,486
S324,Pan Knorr 1123,6503976658,Snacks,2028-05-14,Knorr,124.24,374
S325,Jugo McCormick 1124,5452660239,Cereales,2026-02-25,McCormick,126.55,135
S326,Jabon Dos Pinos 1125,1694837794,Lacteos,2026-08-25,Dos Pinos,19.52,69
S327,Shampoo Bimbo 1126,6312510270,Granos,2027-06-15,Bimbo,26.24,85
S328,Aceite Nestle 1127,1924522599,Bebidas,2027-07-06,Nestle,203.05,74
S329,Azucar Colgate 1128,0605156226,Panaderia,2027-05-07,Colgate,87.15,285
S330,Sal Ariel 1129,9637651748,Carnes,2028-11-21,Ariel,47.38,451
S331,Cafe Palmolive 1130,1332525104,Limpieza,2028-03-14,Palmolive,189.12,450
S332,Cereal Del Monte 1131,7643872997,Cuidado Personal,2028-07-16,Del Monte,53.08,419
S333,Atun Maggi 1132,0997182643,Aceites,2026-03-20,Maggi,168.48,3
S334,Sardina Kelloggs 1133,0576273563,Condimentos,2028-02-12,Kelloggs,189.06,358
S335,Mayonesa Pringles 1134,9968992464,Endulzantes,2028-12-28,Pringles,76.43,224
S336,Ketchup Coca Cola 1135,7318760417,Frutas,2028-09-24,Coca Cola,141.90,364
S337,Mostaza Pepsi 1136,5483011641,Verduras,2027-08-03,Pepsi,182.01,484
S338,Vinagre Lay's 1137,0169649892,Congelados,2026-10-22,Lay's,38.15,412
S339,Sopa Knorr 1138,0103651932,Snacks,2026-06-06,Knorr,37.66,276
S340,Pasta McCormick 1139,0757921445,Cereales,2027-11-16,McCormick,104.67,16
S341,Leche Dos Pinos 1140,8102919144,Lacteos,2028-01-06,Dos Pinos,105.64,341
S342,Arroz Bimbo 1141,5705130480,Granos,2026-03-27,Bimbo,196.08,121
S343,Frijol Nestle 1142,9682121530,Bebidas,2027-03-21,Nestle,155.29,492
S344,Pan Colgate 1143,3822526780,Panaderia,2028-05-02,Colgate,16.07,482
S345,Jugo Ariel 1144,8377842354,Carnes,2028-05-21,Ariel,175.33,22
S346,Jabon Palmolive 1145,4214814043,Limpieza,2027-05-27,Palmolive,197.85,275
S347,Shampoo Del Monte 1146,2883119472,Cuidado Personal,2028-04-12,Del Monte,69.29,162
S348,Aceite Maggi 1147,3764643140,Aceites,2026-06-12,Maggi,56.67,125
S349,Azucar Kelloggs 1148,4994445762,Condimentos,2026-10-15,Kelloggs,177.38,443
S350,Sal Pringles 1149,8876975716,Endulzantes,2026-06-22,Pringles,125.67,465
S351,Cafe Coca Cola 1150,3348417664,Frutas,2027-11-21,Coca Cola,178.51,431
S352,Cereal Pepsi 1151,8878620099,Verduras,2027-04-03,Pepsi,34.10,317
S353,Atun Lay's 1152,7122693326,Congelados,2027-06-07,Lay's,115.22,11
S354,Sardina Knorr 1153,9925139197,Snacks,2026-09-02,Knorr,55.89,258
S355,Mayonesa McCormick 1154,4178550195,Cereales,2026-04-03,McCormick,146.73,364
S356,Ketchup Dos Pinos 1155,9322525777,Lacteos,2028-11-12,Dos Pinos,168.70,295
S357,Mostaza Bimbo 1156,6356679817,Granos,2028-07-10,Bimbo,18.02,23
S358,Vinagre Nestle 1157,8152470425,Bebidas,2028-01-15,Nestle,180.44,84
S359,Sopa Colgate 1158,8198268304,Panaderia,2026-07-24,Colgate,45.25,318
S360,Pasta Ariel 1159,6934727718,Carnes,2026-10-07,Ariel,191.12,26
S361,Leche Palmolive 1160,1553650560,Limpieza,2026-05-23,Palmolive,47.22,118
S362,Arroz Del Monte 1161,5656821234,Cuidado Personal,2026-12-23,Del Monte,186.11,280
S363,Frijol Maggi 1162,1625160899,Aceites,2026-08-23,Maggi,84.53,398
S364,Pan Kelloggs 1163,0042283961,Condimentos,2028-11-07,Kelloggs,194.67,212
S365,Jugo Pringles 1164,1082435904,Endulzantes,2026-11-04,Pringles,139.10,57
S366,Jabon Coca Cola 1165,8743019469,Frutas,2028-03-22,Coca Cola,195.99,109
S367,Shampoo Pepsi 1166,8359879260,Verduras,2027-07-21,Pepsi,55.26,49
S368,Aceite Lay's 1167,1540488603,Congelados,2026-03-18,Lay's,170.84,191
S369,Azucar Knorr 1168,0324393350,Snacks,2026-09-10,Knorr,85.91,472
S370,Sal McCormick 1169,8556260158,Cereales,2028-05-20,McCormick,87.36,14
S371,Cafe Dos Pinos 1170,9828603976,Lacteos,2026-08-27,Dos Pinos,76.38,404
S372,Cereal Bimbo 1171,6208421273,Granos,2027-10-08,Bimbo,17.57,274
S373,Atun Nestle 1172,4989909697,Bebidas,2027-01-06,Nestle,115.51,448
S374,Sardina Colgate 1173,1728273093,Panaderia,2028-04-27,Colgate,55.42,277
S375,Mayonesa Ariel 1174,9444091042,Carnes,2026-02-12,Ariel,43.90,251
S376,Ketchup Palmolive 1175,2074445841,Limpieza,2026-06-04,Palmolive,10.99,390
S377,Mostaza Del Monte 1176,3915350584,Cuidado Personal,2028-05-23,Del Monte,55.28,199
S378,Vinagre Maggi 1177,6158003746,Aceites,2028-01-14,Maggi,40.28,32
S379,Sopa Kelloggs 1178,2723780020,Condimentos,2027-07-21,Kelloggs,151.79,480
S380,Pasta Pringles 1179,7156036904,Endulzantes,2026-12-25,Pringles,176.94,303
S381,Leche Coca Cola 1180,0126163914,Frutas,2027-12-14,Coca Cola,129.22,188
S382,Arroz Pepsi 1181,4056182066,Verduras,2026-11-04,Pepsi,149.35,211
S383,Frijol Lay's 1182,6681402383,Congelados,2026-07-17,Lay's,182.40,309
S384,Pan Knorr 1183,3320240244,Snacks,2027-03-26,Knorr,185.55,139
S385,Jugo McCormick 1184,4613576437,Cereales,2027-11-24,McCormick,174.40,150
S386,Jabon Dos Pinos 1185,5522235951,Lacteos,2028-06-27,Dos Pinos,39.45,31
S387,Shampoo Bimbo 1186,2526126240,Granos,2026-05-28,Bimbo,150.69,2
S388,Aceite Nestle 1187,3306175583,Bebidas,2026-10-15,Nestle,123.33,313
S389,Azucar Colgate 1188,4372345429,Panaderia,2026-02-02,Colgate,195.20,72
S390,Sal Ariel 1189,9296589841,Carnes,2026-11-23,Ariel,168.24,234
S391,Cafe Palmolive 1190,5780354001,Limpieza,2028-10-20,Palmolive,48.56,203
S392,Cereal Del Monte 1191,7773474591,Cuidado Personal,2026-10-11,Del Monte,68.11,208
S393,Atun Maggi 1192,2760948595,Aceites,2027-09-21,Maggi,24.17,1
S394,Sardina Kelloggs 1193,0305591496,Condimentos,2028-07-09,Kelloggs,84.17,350
S395,Mayonesa Pringles 1194,3631525261,Endulzantes,2028-10-27,Pringles,122.73,446
S396,Ketchup Coca Cola 1195,2000315654,Frutas,2027-03-24,Coca Cola,86.92,381
S397,Mostaza Pepsi 1196,1340963008,Verduras,2028-01-26,Pepsi,200.81,246
S398,Vinagre Lay's 1197,0278219585,Congelados,2028-11-14,Lay's,127.07,221
S399,Sopa Knorr 1198,8143432422,Snacks,2028-01-04,Knorr,34.86,6
S400,Pasta McCormick 1199,6550400808,Cereales,2027-06-21,McCormick,46.41,232
S001,Leche Dos Pinos 1200,1005894130,Lacteos,2028-05-01,Dos Pinos,204.78,3
S002,Arroz Bimbo 1201,6657457135,Granos,2027-06-27,Bimbo,109.09,445
S003,Frijol Nestle 1202,9610641539,Bebidas,2027-09-03,Nestle,102.19,161
S004,Pan Colgate 1203,8238384930,Panaderia,2026-08-25,Colgate,147.04,235
S005,Jugo Ariel 1204,4059439645,Carnes,2027-04-07,Ariel,19.46,295
S006,Jabon Palmolive 1205,7782087852,Limpieza,2028-10-22,Palmolive,119.19,294
S007,Shampoo Del Monte 1206,6483185886,Cuidado Personal,2026-10-04,Del Monte,13.98,199
S008,Aceite Maggi 1207,2899912177,Aceites,2027-01-13,Maggi,44.41,49
S009,Azucar Kelloggs 1208,3942143093,Condimentos,2028-07-16,Kelloggs,29.67,191
S010,Sal Pringles 1209,2901691464,Endulzantes,2026-03-17,Pringles,155.88,146
S011,Cafe Coca Cola 1210,2581513363,Frutas,2028-04-05,Coca Cola,156.78,305
S012,Cereal Pepsi 1211,8083062118,Verduras,2026-07-17,Pepsi,51.23,416
S013,Atun Lay's 1212,8940354617,Congelados,2027-03-18,Lay's,14.28,361
S014,Sardina Knorr 1213,8230662624,Snacks,2027-06-01,Knorr,24.74,423
S015,Mayonesa McCormick 1214,3571040854,Cereales,2027-10-17,McCormick,114.71,342
S016,Ketchup Dos Pinos 1215,3627098167,Lacteos,2028-09-19,Dos Pinos,118.55,122
S017,Mostaza Bimbo 1216,6062448308,Granos,2026-06-22,Bimbo,103.42,66
S018,Vinagre Nestle 1217,5522510080,Bebidas,2028-05-22,Nestle,52.40,395
S019,Sopa Colgate 1218,5090615414,Panaderia,2026-08-25,Colgate,181.15,206
S020,Pasta Ariel 1219,7126957863,Carnes,2028-01-14,Ariel,171.88,168
S021,Leche Palmolive 1220,5916174563,Limpieza,2028-01-24,Palmolive,87.61,165
S022,Arroz Del Monte 1221,7589146805,Cuidado Personal,2027-02-04,Del Monte,122.60,127
S023,Frijol Maggi 1222,6965870674,Aceites,2028-06-28,Maggi,20.74,440
S024,Pan Kelloggs 1223,6523237921,Condimentos,2026-05-03,Kelloggs,55.47,13
S025,Jugo Pringles 1224,5881257453,Endulzantes,2026-08-11,Pringles,16.99,394
S026,Jabon Coca Cola 1225,7545247460,Frutas,2026-05-15,Coca Cola,110.14,99
S027,Shampoo Pepsi 1226,0227029650,Verduras,2027-03-24,Pepsi,179.41,83
S028,Aceite Lay's 1227,9216373729,Congelados,2028-05-05,Lay's,26.31,294
S029,Azucar Knorr 1228,9677095092,Snacks,2027-11-22,Knorr,90.95,341
S030,Sal McCormick 1229,4192055271,Cereales,2026-02-27,McCormick,198.18,27
S031,Cafe Dos Pinos 1230,0152956421,Lacteos,2026-05-26,Dos Pinos,89.49,225
S032,Cereal Bimbo 1231,8351996324,Granos,2027-12-15,Bimbo,125.15,454
S033,Atun Nestle 1232,1134797350,Bebidas,2026-10-24,Nestle,169.91,459
S034,Sardina Colgate 1233,7607762126,Panaderia,2028-08-11,Colgate,202.42,463
S035,Mayonesa Ariel 1234,6371814050,Carnes,2028-03-24,Ariel,153.34,351
S036,Ketchup Palmolive 1235,7103521885,Limpieza,2026-08-12,Palmolive,159.30,191
S037,Mostaza Del Monte 1236,5310181299,Cuidado Personal,2026-09-07,Del Monte,204.51,169
S038,Vinagre Maggi 1237,5903438985,Aceites,2028-10-12,Maggi,16.92,254
S039,Sopa Kelloggs 1238,1486271842,Condimentos,2027-11-17,Kelloggs,8.59,281
S040,Pasta Pringles 1239,1044193237,Endulzantes,2027-12-23,Pringles,170.66,129
S041,Leche Coca Cola 1240,0601104326,Frutas,2026-11-01,Coca Cola,150.07,456
S042,Arroz Pepsi 1241,4656365357,Verduras,2026-05-04,Pepsi,192.56,19
S043,Frijol Lay's 1242,8726845427,Congelados,2028-02-25,Lay's,6.39,189
S044,Pan Knorr 1243,0822553177,Snacks,2026-09-06,Knorr,139.85,310
S045,Jugo McCormick 1244,7551726876,Cereales,2026-10-27,McCormick,73.53,114
S046,Jabon Dos Pinos 1245,2226646351,Lacteos,2027-02-20,Dos Pinos,81.82,351
S047,Shampoo Bimbo 1246,4429677151,Granos,2026-08-04,Bimbo,191.98,402
S048,Aceite Nestle 1247,7404092871,Bebidas,2026-06-04,Nestle,189.18,188
S049,Azucar Colgate 1248,5770837902,Panaderia,2027-10-26,Colgate,158.55,28
S050,Sal Ariel 1249,1441865294,Carnes,2027-04-06,Ariel,137.92,136
S051,Cafe Palmolive 1250,5898553419,Limpieza,2028-08-19,Palmolive,109.54,97
S052,Cereal Del Monte 1251,2663867113,Cuidado Personal,2027-02-05,Del Monte,94.17,210
S053,Atun Maggi 1252,3625443962,Aceites,2027-09-24,Maggi,57.95,171
S054,Sardina Kelloggs 1253,9450121976,Condimentos,2026-11-08,Kelloggs,122.87,426
S055,Mayonesa Pringles 1254,5724925873,Endulzantes,2027-02-10,Pringles,135.71,62
S056,Ketchup Coca Cola 1255,5673331384,Frutas,2028-02-23,Coca Cola,35.41,305
S057,Mostaza Pepsi 1256,4049872327,Verduras,2028-04-24,Pepsi,158.52,353
S058,Vinagre Lay's 1257,2457425348,Congelados,2028-09-19,Lay's,148.95,192
S059,Sopa Knorr 1258,7721123623,Snacks,2027-03-18,Knorr,67.99,177
S060,Pasta McCormick 1259,4635586614,Cereales,2026-03-25,McCormick,147.94,52
S061,Leche Dos Pinos 1260,2929481638,Lacteos,2026-11-28,Dos Pinos,107.78,221
S062,Arroz Bimbo 1261,7230618784,Granos,2028-12-12,Bimbo,103.45,344
S063,Frijol Nestle 1262,7166969653,Bebidas,2027-07-08,Nestle,96.39,108
S064,Pan Colgate 1263,7756980366,Panaderia,2027-08-14,Colgate,173.21,91
S065,Jugo Ariel 1264,3735459738,Carnes,2026-04-08,Ariel,127.97,39
S066,Jabon Palmolive 1265,5590628790,Limpieza,2028-09-23,Palmolive,160.86,100
S067,Shampoo Del Monte 1266,5256844323,Cuidado Personal,2027-06-07,Del Monte,56.74,286
S068,Aceite Maggi 1267,7554231025,Aceites,2027-03-08,Maggi,195.33,85
S069,Azucar Kelloggs 1268,9647744570,Condimentos,2028-05-14,Kelloggs,163.45,95
S070,Sal Pringles 1269,7861898671,Endulzantes,2026-09-16,Pringles,132.24,424
S071,Cafe Coca Cola 1270,0545238060,Frutas,2026-07-06,Coca Cola,98.91,335
S072,Cereal Pepsi 1271,6883180618,Verduras,2026-06-09,Pepsi,183.95,238
S073,Atun Lay's 1272,1868257909,Congelados,2026-10-22,Lay's,46.75,126
S074,Sardina Knorr 1273,3976798225,Snacks,2026-02-15,Knorr,172.27,459
S075,Mayonesa McCormick 1274,8656289109,Cereales,2028-06-23,McCormick,29.35,92
S076,Ketchup Dos Pinos 1275,8391282377,Lacteos,2026-07-07,Dos Pinos,162.56,371
S077,Mostaza Bimbo 1276,3846951888,Granos,2028-12-28,Bimbo,146.59,317
S078,Vinagre Nestle 1277,6020822404,Bebidas,2028-01-02,Nestle,14.14,117
S079,Sopa Colgate 1278,7135328273,Panaderia,2026-11-19,Colgate,77.43,499
S080,Pasta Ariel 1279,3722006272,Carnes,2027-04-13,Ariel,23.15,212
S081,Leche Palmolive 1280,6408497531,Limpieza,2026-12-26,Palmolive,161.42,327
S082,Arroz Del Monte 1281,5340330066,Cuidado Personal,2028-03-06,Del Monte,177.83,435
S083,Frijol Maggi 1282,0917801843,Aceites,2027-09-15,Maggi,47.13,249
S084,Pan Kelloggs 1283,2923015913,Condimentos,2026-03-01,Kelloggs,172.71,192
S085,Jugo Pringles 1284,4319139125,Endulzantes,2026-06-16,Pringles,82.59,33
S086,Jabon Coca Cola 1285,1910529392,Frutas,2027-03-05,Coca Cola,203.45,369
S087,Shampoo Pepsi 1286,7408595564,Verduras,2027-11-23,Pepsi,94.98,220
S088,Aceite Lay's 1287,1157254697,Congelados,2027-10-05,Lay's,104.57,246
S089,Azucar Knorr 1288,3887596600,Snacks,2027-09-11,Knorr,52.93,319
S090,Sal McCormick 1289,2392789872,Cereales,2027-05-17,McCormick,132.73,72
S091,Cafe Dos Pinos 1290,1695067843,Lacteos,2027-10-05,Dos Pinos,159.29,308
S092,Cereal Bimbo 1291,0157169973,Granos,2026-05-17,Bimbo,67.80,297
S093,Atun Nestle 1292,8123286895,Bebidas,2026-10-28,Nestle,113.89,202
S094,Sardina Colgate 1293,1750925161,Panaderia,2027-04-13,Colgate,25.03,143
S095,Mayonesa Ariel 1294,5914244410,Carnes,2027-02-25,Ariel,140.23,25
S096,Ketchup Palmolive 1295,5935196275,Limpieza,2028-10-03,Palmolive,127.41,410
S097,Mostaza Del Monte 1296,5045311972,Cuidado Personal,2026-10-08,Del Monte,139.63,242
S098,Vinagre Maggi 1297,4410320713,Aceites,2027-03-20,Maggi,203.89,362
S099,Sopa Kelloggs 1298,5430183793,Condimentos,2027-12-09,Kelloggs,117.84,41
S100,Pasta Pringles 1299,5316982724,Endulzantes,2027-04-08,Pringles,23.47,458
S101,Leche Coca Cola 1300,0693657352,Frutas,2027-04-11,Coca Cola,56.45,443
S102,Arroz Pepsi 1301,7804012150,Verduras,2028-11-07,Pepsi,58.15,165
S103,Frijol Lay's 1302,0796355812,Congelados,2026-05-11,Lay's,39.31,255
S104,Pan Knorr 1303,3480303110,Snacks,2028-03-20,Knorr,165.46,292
S105,Jugo McCormick 1304,4175680430,Cereales,2028-11-25,McCormick,7.27,361
S106,Jabon Dos Pinos 1305,9684882025,Lacteos,2027-03-16,Dos Pinos,91.42,50
S107,Shampoo Bimbo 1306,2459511764,Granos,2028-12-20,Bimbo,156.83,32
S108,Aceite Nestle 1307,3072957529,Bebidas,2026-01-21,Nestle,96.90,136
S109,Azucar Colgate 1308,5933032498,Panaderia,2027-10-09,Colgate,28.06,448
S110,Sal Ariel 1309,7837201823,Carnes,2027-06-26,Ariel,87.23,219
S111,Cafe Palmolive 1310,6829396367,Limpieza,2026-11-28,Palmolive,65.27,55
S112,Cereal Del Monte 1311,4032448587,Cuidado Personal,2026-12-01,Del Monte,145.13,480
S113,Atun Maggi 1312,0316982458,Aceites,2026-08-11,Maggi,74.68,402
S114,Sardina Kelloggs 1313,3557664305,Condimentos,2026-08-11,Kelloggs,24.95,74
S115,Mayonesa Pringles 1314,8699171836,Endulzantes,2026-03-16,Pringles,41.19,37
S116,Ketchup Coca Cola 1315,8351895834,Frutas,2027-09-10,Coca Cola,102.84,2
S117,Mostaza Pepsi 1316,9911885449,Verduras,2026-07-18,Pepsi,16.84,360
S118,Vinagre Lay's 1317,8898724535,Congelados,2027-04-13,Lay's,34.66,288
S119,Sopa Knorr 1318,6427057382,Snacks,2027-10-27,Knorr,175.94,494
S120,Pasta McCormick 1319,3467006748,Cereales,2026-06-05,McCormick,42.30,223
S121,Leche Dos Pinos 1320,3503795697,Lacteos,2027-11-18,Dos Pinos,137.86,363
S122,Arroz Bimbo 1321,0145257162,Granos,2028-03-17,Bimbo,137.11,329
S123,Frijol Nestle 1322,6390429311,Bebidas,2028-09-09,Nestle,158.46,431
S124,Pan Colgate 1323,8329315890,Panaderia,2026-10-03,Colgate,44.51,419
S125,Jugo Ariel 1324,7425434495,Carnes,2026-07-21,Ariel,104.86,370
S126,Jabon Palmolive 1325,8810860345,Limpieza,2026-10-26,Palmolive,178.62,435
S127,Shampoo Del Monte 1326,3443012439,Cuidado Personal,2026-11-05,Del Monte,183.02,9
S128,Aceite Maggi 1327,6480105192,Aceites,2027-09-14,Maggi,130.33,433
S129,Azucar Kelloggs 1328,2330826376,Condimentos,2026-03-20,Kelloggs,195.76,143
S130,Sal Pringles 1329,8481987251,Endulzantes,2027-07-12,Pringles,183.51,394
S131,Cafe Coca Cola 1330,3581646982,Frutas,2027-04-06,Coca Cola,33.09,452
S132,Cereal Pepsi 1331,8795419657,Verduras,2027-04-11,Pepsi,185.89,423
S133,Atun Lay's 1332,5227824633,Congelados,2028-05-03,Lay's,156.76,428
S134,Sardina Knorr 1333,5656747907,Snacks,2028-04-18,Knorr,34.79,145
S135,Mayonesa McCormick 1334,9674980293,Cereales,2028-02-21,McCormick,137.71,350
S136,Ketchup Dos Pinos 1335,4371051054,Lacteos,2028-06-16,Dos Pinos,61.14,383
S137,Mostaza Bimbo 1336,8185930822,Granos,2028-02-24,Bimbo,140.52,489
S138,Vinagre Nestle 1337,2758756698,Bebidas,2027-02-25,Nestle,111.13,214
S139,Sopa Colgate 1338,7558843243,Panaderia,2027-03-08,Colgate,52.88,229
S140,Pasta Ariel 1339,4433763968,Carnes,2026-09-16,Ariel,144.62,382
S141,Leche Palmolive 1340,5457100125,Limpieza,2026-10-04,Palmolive,124.99,245
S142,Arroz Del Monte 1341,6466387521,Cuidado Personal,2028-05-25,Del Monte,204.09,233
S143,Frijol Maggi 1342,5510938959,Aceites,2027-05-01,Maggi,62.73,260
S144,Pan Kelloggs 1343,0945712562,Condimentos,2027-03-16,Kelloggs,121.16,484
S145,Jugo Pringles 1344,5455720670,Endulzantes,2027-10-13,Pringles,201.00,436
S146,Jabon Coca Cola 1345,6385049001,Frutas,2028-04-15,Coca Cola,52.93,231
S147,Shampoo Pepsi 1346,1999592975,Verduras,2026-02-03,Pepsi,73.85,473
S148,Aceite Lay's 1347,6960791798,Congelados,2026-12-02,Lay's,181.39,202
S149,Azucar Knorr 1348,9387732367,Snacks,2027-06-01,Knorr,165.18,158
S150,Sal McCormick 1349,3221971739,Cereales,2028-01-09,McCormick,147.01,451
S151,Cafe Dos Pinos 1350,6071733652,Lacteos,2026-06-10,Dos Pinos,87.35,157
S152,Cereal Bimbo 1351,7770421453,Granos,2027-06-28,Bimbo,42.17,20
S153,Atun Nestle 1352,3510185301,Bebidas,2027-05-27,Nestle,99.97,295
S154,Sardina Colgate 1353,0651721085,Panaderia,2026-09-13,Colgate,185.36,146
S155,Mayonesa Ariel 1354,1803273339,Carnes,2026-11-23,Ariel,85.48,92
S156,Ketchup Palmolive 1355,1135927225,Limpieza,2028-06-10,Palmolive,104.32,490
S157,Mostaza Del Monte 1356,5378679030,Cuidado Personal,2026-08-10,Del Monte,196.20,289
S158,Vinagre Maggi 1357,3252675254,Aceites,2028-05-03,Maggi,98.16,377
S159,Sopa Kelloggs 1358,5005817007,Condimentos,2026-03-05,Kelloggs,192.04,413
S160,Pasta Pringles 1359,9699303669,Endulzantes,2028-01-25,Pringles,40.46,166
S161,Leche Coca Cola 1360,1959086129,Frutas,2028-04-28,Coca Cola,71.87,185
S162,Arroz Pepsi 1361,1432188780,Verduras,2028-02-11,Pepsi,177.43,134
S163,Frijol Lay's 1362,4380831240,Congelados,2026-11-02,Lay's,133.28,217
S164,Pan Knorr 1363,0734825125,Snacks,2028-08-18,Knorr,46.35,265
S165,Jugo McCormick 1364,9022936666,Cereales,2027-06-16,McCormick,55.36,433
S166,Jabon Dos Pinos 1365,5797087626,Lacteos,2027-12-09,Dos Pinos,163.13,82
S167,Shampoo Bimbo 1366,9021078353,Granos,2027-11-07,Bimbo,68.25,154
S168,Aceite Nestle 1367,1007267858,Bebidas,2028-07-07,Nestle,198.60,239
S169,Azucar Colgate 1368,6599958003,Panaderia,2026-04-25,Colgate,147.79,212
S170,Sal Ariel 1369,9701020245,Carnes,2026-09-05,Ariel,184.37,24
S171,Cafe Palmolive 1370,8149594271,Limpieza,2028-10-15,Palmolive,156.87,64
S172,Cereal Del Monte 1371,0402208376,Cuidado Personal,2026-05-19,Del Monte,64.08,144
S173,Atun Maggi 1372,6240554665,Aceites,2028-10-20,Maggi,151.78,16
S174,Sardina Kelloggs 1373,4120381960,Condimentos,2028-07-25,Kelloggs,72.77,451
S175,Mayonesa Pringles 1374,3149777517,Endulzantes,2027-09-16,Pringles,148.68,92
S176,Ketchup Coca Cola 1375,4610197646,Frutas,2027-11-15,Coca Cola,88.32,190
S177,Mostaza Pepsi 1376,7285241778,Verduras,2028-11-05,Pepsi,12.06,283
S178,Vinagre Lay's 1377,3810604064,Congelados,2026-09-14,Lay's,136.44,327
S179,Sopa Knorr 1378,2532009669,Snacks,2027-02-07,Knorr,101.29,492
S180,Pasta McCormick 1379,8920461669,Cereales,2026-05-10,McCormick,160.98,222
S181,Leche Dos Pinos 1380,6226793576,Lacteos,2026-02-02,Dos Pinos,134.67,290
S182,Arroz Bimbo 1381,4564391236,Granos,2027-01-20,Bimbo,196.29,179
S183,Frijol Nestle 1382,5651303195,Bebidas,2028-11-04,Nestle,99.83,273
S184,Pan Colgate 1383,4765573049,Panaderia,2026-02-20,Colgate,72.01,225
S185,Jugo Ariel 1384,8769855313,Carnes,2026-08-14,Ariel,131.53,352
S186,Jabon Palmolive 1385,4032082234,Limpieza,2027-04-17,Palmolive,41.14,300
S187,Shampoo Del Monte 1386,8850483488,Cuidado Personal,2028-04-09,Del Monte,185.81,496
S188,Aceite Maggi 1387,4818257855,Aceites,2026-10-16,Maggi,69.99,98
S189,Azucar Kelloggs 1388,8151194006,Condimentos,2026-04-14,Kelloggs,46.52,265
S190,Sal Pringles 1389,2982145877,Endulzantes,2026-06-01,Pringles,153.05,19
S191,Cafe Coca Cola 1390,0712398794,Frutas,2027-08-04,Coca Cola,17.70,110
S192,Cereal Pepsi 1391,4665220548,Verduras,2027-03-28,Pepsi,69.12,145
S193,Atun Lay's 1392,1535234903,Congelados,2027-04-01,Lay's,27.89,88
S194,Sardina Knorr 1393,6950349609,Snacks,2028-02-05,Knorr,158.20,57
S195,Mayonesa McCormick 1394,8471804688,Cereales,2027-10-07,McCormick,86.88,413
S196,Ketchup Dos Pinos 1395,3849763078,Lacteos,2027-12-24,Dos Pinos,99.11,176
S197,Mostaza Bimbo 1396,0008471691,Granos,2028-10-07,Bimbo,99.25,287
S198,Vinagre Nestle 1397,5645363418,Bebidas,2026-06-20,Nestle,41.10,361
S199,Sopa Colgate 1398,6067874901,Panaderia,2027-11-27,Colgate,196.56,63
S200,Pasta Ariel 1399,2088715913,Carnes,2027-08-22,Ariel,37.49,225
S201,Leche Palmolive 1400,3174255411,Limpieza,2027-12-06,Palmolive,85.54,305
S202,Arroz Del Monte 1401,6639526957,Cuidado Personal,2027-02-18,Del Monte,75.03,481
S203,Frijol Maggi 1402,6453640839,Aceites,2026-12-08,Maggi,174.26,55
S204,Pan Kelloggs 1403,6291200359,Condimentos,2028-04-23,Kelloggs,33.22,254
S205,Jugo Pringles 1404,2604511168,Endulzantes,2026-01-13,Pringles,47.33,16
S206,Jabon Coca Cola 1405,4877154766,Frutas,2026-04-17,Coca Cola,77.03,264
S207,Shampoo Pepsi 1406,3965633996,Verduras,2028-12-05,Pepsi,79.36,235
S208,Aceite Lay's 1407,6436147931,Congelados,2026-11-08,Lay's,64.38,43
S209,Azucar Knorr 1408,6377203260,Snacks,2026-04-09,Knorr,180.66,47
S210,Sal McCormick 1409,2737904518,Cereales,2027-03-16,McCormick,13.96,15
S211,Cafe Dos Pinos 1410,7760386441,Lacteos,2028-05-05,Dos Pinos,120.09,376
S212,Cereal Bimbo 1411,6293218342,Granos,2026-06-23,Bimbo,189.82,314
S213,Atun Nestle 1412,4188492046,Bebidas,2027-03-13,Nestle,114.25,109
S214,Sardina Colgate 1413,7129057311,Panaderia,2027-03-23,Colgate,161.37,87
S215,Mayonesa Ariel 1414,7510098161,Carnes,2028-10-10,Ariel,29.12,398
S216,Ketchup Palmolive 1415,0529261598,Limpieza,2027-04-23,Palmolive,80.06,230
S217,Mostaza Del Monte 1416,2080724900,Cuidado Personal,2027-05-01,Del Monte,103.74,237
S218,Vinagre Maggi 1417,9246769020,Aceites,2028-09-14,Maggi,123.18,462
S219,Sopa Kelloggs 1418,7181604549,Condimentos,2027-08-07,Kelloggs,103.45,242
S220,Pasta Pringles 1419,1737267414,Endulzantes,2026-11-04,Pringles,183.85,446
S221,Leche Coca Cola 1420,7881486881,Frutas,2026-04-09,Coca Cola,104.62,213
S222,Arroz Pepsi 1421,4629733434,Verduras,2027-06-13,Pepsi,132.42,469
S223,Frijol Lay's 1422,1953985476,Congelados,2026-11-15,Lay's,175.45,124
S224,Pan Knorr 1423,2606780205,Snacks,2028-08-25,Knorr,71.74,1
S225,Jugo McCormick 1424,7468235979,Cereales,2027-08-02,McCormick,94.81,346
S226,Jabon Dos Pinos 1425,2200412858,Lacteos,2027-09-04,Dos Pinos,116.90,86
S227,Shampoo Bimbo 1426,4059383912,Granos,2028-12-13,Bimbo,140.15,465
S228,Aceite Nestle 1427,4609955729,Bebidas,2028-09-27,Nestle,141.32,159
S229,Azucar Colgate 1428,0442002606,Panaderia,2026-09-20,Colgate,33.09,357
S230,Sal Ariel 1429,7290277857,Carnes,2027-10-09,Ariel,7.50,426
S231,Cafe Palmolive 1430,8507565247,Limpieza,2027-12-09,Palmolive,134.32,430
S232,Cereal Del Monte 1431,0488573413,Cuidado Personal,2028-07-04,Del Monte,191.04,177
S233,Atun Maggi 1432,2313061845,Aceites,2026-01-21,Maggi,17.53,263
S234,Sardina Kelloggs 1433,9251668979,Condimentos,2028-11-09,Kelloggs,29.59,441
S235,Mayonesa Pringles 1434,8218520371,Endulzantes,2027-04-23,Pringles,16.15,43
S236,Ketchup Coca Cola 1435,3767375870,Frutas,2027-03-05,Coca Cola,98.83,19
S237,Mostaza Pepsi 1436,5485760369,Verduras,2028-09-26,Pepsi,147.47,223
S238,Vinagre Lay's 1437,8845056048,Congelados,2026-08-25,Lay's,33.31,411
S239,Sopa Knorr 1438,2105134456,Snacks,2027-07-12,Knorr,106.87,418
S240,Pasta McCormick 1439,1598480711,Cereales,2027-09-09,McCormick,87.64,67
S241,Leche Dos Pinos 1440,2423157333,Lacteos,2028-10-24,Dos Pinos,63.49,133
S242,Arroz Bimbo 1441,8042823878,Granos,2027-10-26,Bimbo,202.11,83
S243,Frijol Nestle 1442,3864093139,Bebidas,2026-08-10,Nestle,165.03,491
S244,Pan Colgate 1443,1354159251,Panaderia,2026-03-06,Colgate,201.77,315
S245,Jugo Ariel 1444,7147446598,Carnes,2026-03-17,Ariel,74.50,85
S246,Jabon Palmolive 1445,4739118522,Limpieza,2026-06-12,Palmolive,198.69,113
S247,Shampoo Del Monte 1446,9773445982,Cuidado Personal,2026-03-23,Del Monte,141.88,50
S248,Aceite Maggi 1447,4703982323,Aceites,2026-11-19,Maggi,84.67,374
S249,Azucar Kelloggs 1448,9292848185,Condimentos,2027-05-19,Kelloggs,51.95,110
S250,Sal Pringles 1449,0667504904,Endulzantes,2028-11-01,Pringles,39.99,69
S251,Cafe Coca Cola 1450,2349800258,Frutas,2028-05-07,Coca Cola,26.54,319
S252,Cereal Pepsi 1451,8536894127,Verduras,2028-04-13,Pepsi,57.81,363
S253,Atun Lay's 1452,5675371760,Congelados,2026-11-17,Lay's,101.71,74
S254,Sardina Knorr 1453,9400559669,Snacks,2028-03-03,Knorr,76.87,478
S255,Mayonesa McCormick 1454,4281661802,Cereales,2026-03-20,McCormick,88.50,351
S256,Ketchup Dos Pinos 1455,0728151305,Lacteos,2028-04-01,Dos Pinos,65.40,53
S257,Mostaza Bimbo 1456,2889254705,Granos,2027-01-05,Bimbo,190.51,315
S258,Vinagre Nestle 1457,2648512188,Bebidas,2027-11-28,Nestle,142.91,400
S259,Sopa Colgate 1458,5235798086,Panaderia,2026-11-17,Colgate,26.97,167
S260,Pasta Ariel 1459,6279482804,Carnes,2028-06-16,Ariel,190.32,251
S261,Leche Palmolive 1460,3647991635,Limpieza,2028-06-22,Palmolive,69.41,395
S262,Arroz Del Monte 1461,3012783109,Cuidado Personal,2028-12-13,Del Monte,5.32,148
S263,Frijol Maggi 1462,8155710406,Aceites,2027-07-09,Maggi,101.25,187
S264,Pan Kelloggs 1463,2945640037,Condimentos,2027-10-21,Kelloggs,84.70,309
S265,Jugo Pringles 1464,5212541861,Endulzantes,2026-11-13,Pringles,194.19,450
S266,Jabon Coca Cola 1465,8740175950,Frutas,2027-07-01,Coca Cola,119.35,482
S267,Shampoo Pepsi 1466,6400013779,Verduras,2026-06-24,Pepsi,125.55,128
S268,Aceite Lay's 1467,4073530423,Congelados,2027-09-23,Lay's,11.98,284
S269,Azucar Knorr 1468,3056677957,Snacks,2026-01-25,Knorr,145.39,267
S270,Sal McCormick 1469,1068802124,Cereales,2026-06-13,McCormick,13.47,391
S271,Cafe Dos Pinos 1470,5162710649,Lacteos,2027-01-19,Dos Pinos,203.85,85
S272,Cereal Bimbo 1471,9209329939,Granos,2028-02-15,Bimbo,27.27,136
S273,Atun Nestle 1472,1634419972,Bebidas,2027-07-26,Nestle,150.25,118
S274,Sardina Colgate 1473,5045394456,Panaderia,2027-05-23,Colgate,201.79,441
S275,Mayonesa Ariel 1474,9712953701,Carnes,2027-12-22,Ariel,201.30,49
S276,Ketchup Palmolive 1475,4296754069,Limpieza,2027-01-15,Palmolive,191.18,98
S277,Mostaza Del Monte 1476,7664941287,Cuidado Personal,2027-03-01,Del Monte,54.04,312
S278,Vinagre Maggi 1477,6258313722,Aceites,2028-10-12,Maggi,178.82,294
S279,Sopa Kelloggs 1478,6322361581,Condimentos,2028-09-22,Kelloggs,10.88,323
S280,Pasta Pringles 1479,6107058491,Endulzantes,2027-01-10,Pringles,151.97,205
S281,Leche Coca Cola 1480,2308062950,Frutas,2026-10-22,Coca Cola,80.64,271
S282,Arroz Pepsi 1481,8378157222,Verduras,2026-04-05,Pepsi,125.87,241
S283,Frijol Lay's 1482,6514635134,Congelados,2027-10-25,Lay's,173.57,46
S284,Pan Knorr 1483,2520048156,Snacks,2026-07-23,Knorr,33.13,395
S285,Jugo McCormick 1484,7139974000,Cereales,2028-01-27,McCormick,12.75,25
S286,Jabon Dos Pinos 1485,1240841224,Lacteos,2026-09-24,Dos Pinos,75.41,67
S287,Shampoo Bimbo 1486,0936778303,Granos,2026-06-18,Bimbo,185.10,76
S288,Aceite Nestle 1487,0826801641,Bebidas,2028-08-09,Nestle,62.99,77
S289,Azucar Colgate 1488,6287998140,Panaderia,2026-05-08,Colgate,23.04,337
S290,Sal Ariel 1489,2018796769,Carnes,2026-08-13,Ariel,41.39,94
S291,Cafe Palmolive 1490,1596761384,Limpieza,2027-02-12,Palmolive,144.54,253
S292,Cereal Del Monte 1491,3176672657,Cuidado Personal,2026-09-26,Del Monte,41.23,333
S293,Atun Maggi 1492,9902712990,Aceites,2028-11-02,Maggi,140.44,194
S294,Sardina Kelloggs 1493,6786448745,Condimentos,2026-03-09,Kelloggs,77.67,465
S295,Mayonesa Pringles 1494,6866565696,Endulzantes,2026-09-25,Pringles,134.97,34
S296,Ketchup Coca Cola 1495,3198005314,Frutas,2028-06-27,Coca Cola,144.10,312
S297,Mostaza Pepsi 1496,6571425337,Verduras,2027-07-15,Pepsi,103.35,94
S298,Vinagre Lay's 1497,4921797036,Congelados,2028-02-17,Lay's,49.61,377
S299,Sopa Knorr 1498,5873755828,Snacks,2028-06-17,Knorr,9.59,112
S300,Pasta McCormick 1499,9755762762,Cereales,2027-10-07,McCormick,122.82,425
S301,Leche Dos Pinos 1500,2596055634,Lacteos,2026-07-03,Dos Pinos,172.72,230
S302,Arroz Bimbo 1501,1513934432,Granos,2028-03-24,Bimbo,124.24,266
S303,Frijol Nestle 1502,4386671697,Bebidas,2028-01-24,Nestle,92.80,190
S304,Pan Colgate 1503,5183047238,Panaderia,2028-08-02,Colgate,44.82,455
S305,Jugo Ariel 1504,1794231374,Carnes,2026-09-07,Ariel,145.82,463
S306,Jabon Palmolive 1505,3548816171,Limpieza,2028-01-05,Palmolive,42.41,159
S307,Shampoo Del Monte 1506,7639182573,Cuidado Personal,2027-06-09,Del Monte,79.60,192
S308,Aceite Maggi 1507,3888541774,Aceites,2026-04-28,Maggi,44.14,457
S309,Azucar Kelloggs 1508,4874927515,Condimentos,2028-01-17,Kelloggs,151.97,321
S310,Sal Pringles 1509,3427712128,Endulzantes,2028-04-08,Pringles,66.92,178
S311,Cafe Coca Cola 1510,9353255608,Frutas,2026-06-13,Coca Cola,89.79,474
S312,Cereal Pepsi 1511,9897921800,Verduras,2027-12-11,Pepsi,15.58,58
S313,Atun Lay's 1512,6472104735,Congelados,2026-08-22,Lay's,39.82,387
S314,Sardina Knorr 1513,5166987923,Snacks,2028-09-17,Knorr,59.20,472
S315,Mayonesa McCormick 1514,7502056621,Cereales,2028-11-15,McCormick,179.82,230
S316,Ketchup Dos Pinos 1515,5635623446,Lacteos,2027-06-03,Dos Pinos,5.08,92
S317,Mostaza Bimbo 1516,5485658975,Granos,2027-02-10,Bimbo,100.94,211
S318,Vinagre Nestle 1517,5051230987,Bebidas,2027-08-17,Nestle,157.99,119
S319,Sopa Colgate 1518,0780500559,Panaderia,2028-12-26,Colgate,132.26,467
S320,Pasta Ariel 1519,5094472888,Carnes,2028-08-06,Ariel,81.82,154
S321,Leche Palmolive 1520,7598065852,Limpieza,2026-07-01,Palmolive,51.06,190
S322,Arroz Del Monte 1521,4550386794,Cuidado Personal,2026-12-26,Del Monte,133.20,348
S323,Frijol Maggi 1522,6225737223,Aceites,2026-05-13,Maggi,17.46,339
S324,Pan Kelloggs 1523,1340974450,Condimentos,2028-03-06,Kelloggs,196.67,471
S325,Jugo Pringles 1524,0473830146,Endulzantes,2026-05-04,Pringles,157.71,23
S326,Jabon Coca Cola 1525,4216337717,Frutas,2028-10-06,Coca Cola,130.92,309
S327,Shampoo Pepsi 1526,9200071301,Verduras,2026-02-23,Pepsi,57.03,224
S328,Aceite Lay's 1527,3377332740,Congelados,2028-05-11,Lay's,64.09,190
S329,Azucar Knorr 1528,2714206457,Snacks,2027-09-14,Knorr,69.97,484
S330,Sal McCormick 1529,3519436867,Cereales,2026-06-04,McCormick,66.12,63
S331,Cafe Dos Pinos 1530,7781401293,Lacteos,2027-05-22,Dos Pinos,106.68,442
S332,Cereal Bimbo 1531,3370898770,Granos,2027-10-21,Bimbo,20.38,222
S333,Atun Nestle 1532,4987858096,Bebidas,2026-12-27,Nestle,81.64,206
S334,Sardina Colgate 1533,3960426715,Panaderia,2027-08-22,Colgate,47.57,417
S335,Mayonesa Ariel 1534,5269542526,Carnes,2028-11-03,Ariel,57.26,389
S336,Ketchup Palmolive 1535,3418947303,Limpieza,2027-10-20,Palmolive,63.95,373
S337,Mostaza Del Monte 1536,6930318941,Cuidado Personal,2028-08-11,Del Monte,138.03,348
S338,Vinagre Maggi 1537,6997469462,Aceites,2027-04-04,Maggi,109.01,171
S339,Sopa Kelloggs 1538,8211341093,Condimentos,2026-09-14,Kelloggs,20.08,169
S340,Pasta Pringles 1539,4827563859,Endulzantes,2028-11-03,Pringles,61.69,360
S341,Leche Coca Cola 1540,5094748739,Frutas,2026-04-22,Coca Cola,113.76,213
S342,Arroz Pepsi 1541,2774856576,Verduras,2027-03-16,Pepsi,55.58,60
S343,Frijol Lay's 1542,3980563915,Congelados,2028-08-09,Lay's,30.18,267
S344,Pan Knorr 1543,9461969395,Snacks,2026-09-21,Knorr,173.53,41
S345,Jugo McCormick 1544,9955857616,Cereales,2028-04-14,McCormick,123.01,48
S346,Jabon Dos Pinos 1545,2696810354,Lacteos,2027-12-26,Dos Pinos,73.65,417
S347,Shampoo Bimbo 1546,7629250255,Granos,2027-11-21,Bimbo,143.24,175
S348,Aceite Nestle 1547,7767104374,Bebidas,2028-08-11,Nestle,177.73,161
S349,Azucar Colgate 1548,0172806960,Panaderia,2027-06-13,Colgate,53.78,137
S350,Sal Ariel 1549,7195546988,Carnes,2026-08-01,Ariel,166.71,133
S351,Cafe Palmolive 1550,1102964766,Limpieza,2027-11-08,Palmolive,43.71,315
S352,Cereal Del Monte 1551,8734397444,Cuidado Personal,2026-09-25,Del Monte,158.44,204
S353,Atun Maggi 1552,0944286550,Aceites,2028-06-09,Maggi,68.13,85
S354,Sardina Kelloggs 1553,8164156050,Condimentos,2028-03-08,Kelloggs,183.17,192
S355,Mayonesa Pringles 1554,4732553368,Endulzantes,2028-09-01,Pringles,202.47,361
S356,Ketchup Coca Cola 1555,4467951900,Frutas,2027-11-22,Coca Cola,70.39,233
S357,Mostaza Pepsi 1556,5140406155,Verduras,2026-12-05,Pepsi,115.04,268
S358,Vinagre Lay's 1557,8134542159,Congelados,2027-11-08,Lay's,13.44,56
S359,Sopa Knorr 1558,4793423365,Snacks,2027-11-14,Knorr,85.65,430
S360,Pasta McCormick 1559,1258316278,Cereales,2026-01-27,McCormick,204.98,114
S361,Leche Dos Pinos 1560,4553393890,Lacteos,2026-08-24,Dos Pinos,88.65,347
S362,Arroz Bimbo 1561,2374500332,Granos,2026-05-22,Bimbo,66.81,336
S363,Frijol Nestle 1562,8967898579,Bebidas,2027-02-22,Nestle,68.91,421
S364,Pan Colgate 1563,1967390801,Panaderia,2027-12-12,Colgate,103.80,336
S365,Jugo Ariel 1564,4428329749,Carnes,2027-03-18,Ariel,203.90,233
S366,Jabon Palmolive 1565,0859635512,Limpieza,2027-09-12,Palmolive,190.04,353
S367,Shampoo Del Monte 1566,6579996121,Cuidado Personal,2027-01-12,Del Monte,132.19,171
S368,Aceite Maggi 1567,6002479248,Aceites,2028-10-23,Maggi,93.08,209
S369,Azucar Kelloggs 1568,8687618495,Condimentos,2026-05-28,Kelloggs,148.37,369
S370,Sal Pringles 1569,0554750165,Endulzantes,2026-02-24,Pringles,204.48,186
S371,Cafe Coca Cola 1570,1669439279,Frutas,2026-01-18,Coca Cola,194.05,313
S372,Cereal Pepsi 1571,1560392822,Verduras,2027-11-21,Pepsi,24.04,136
S373,Atun Lay's 1572,0599867643,Congelados,2026-02-03,Lay's,153.81,219
S374,Sardina Knorr 1573,6063770504,Snacks,2027-03-06,Knorr,198.99,199
S375,Mayonesa McCormick 1574,6100897920,Cereales,2026-01-19,McCormick,121.71,368
S376,Ketchup Dos Pinos 1575,9919088588,Lacteos,2027-03-26,Dos Pinos,23.17,322
S377,Mostaza Bimbo 1576,6520491902,Granos,2027-11-14,Bimbo,15.94,50
S378,Vinagre Nestle 1577,8032703297,Bebidas,2028-02-26,Nestle,54.75,312
S379,Sopa Colgate 1578,0795917195,Panaderia,2026-05-11,Colgate,142.40,342
S380,Pasta Ariel 1579,4746127208,Carnes,2026-07-19,Ariel,46.67,414
S381,Leche Palmolive 1580,2652392450,Limpieza,2028-11-17,Palmolive,75.62,75
S382,Arroz Del Monte 1581,3786531307,Cuidado Personal,2028-11-10,Del Monte,185.97,373
S383,Frijol Maggi 1582,9414561324,Aceites,2028-12-15,Maggi,144.69,360
S384,Pan Kelloggs 1583,0272093257,Condimentos,2028-08-22,Kelloggs,5.70,249
S385,Jugo Pringles 1584,5847169335,Endulzantes,2028-02-24,Pringles,204.25,317
S386,Jabon Coca Cola 1585,8603055913,Frutas,2026-02-27,Coca Cola,144.39,426
S387,Shampoo Pepsi 1586,6380319911,Verduras,2028-05-20,Pepsi,90.61,351
S388,Aceite Lay's 1587,6009843975,Congelados,2027-03-27,Lay's,131.70,167
S389,Azucar Knorr 1588,4439830325,Snacks,2028-04-13,Knorr,17.65,206
S390,Sal McCormick 1589,6593589253,Cereales,2026-12-17,McCormick,138.39,49
S391,Cafe Dos Pinos 1590,3134561008,Lacteos,2027-09-14,Dos Pinos,181.35,326
S392,Cereal Bimbo 1591,5197075467,Granos,2026-04-12,Bimbo,173.11,380
S393,Atun Nestle 1592,9736172969,Bebidas,2028-06-18,Nestle,187.05,413
S394,Sardina Colgate 1593,6671314397,Panaderia,2026-08-12,Colgate,35.43,37
S395,Mayonesa Ariel 1594,3482011877,Carnes,2026-09-18,Ariel,200.94,145
S396,Ketchup Palmolive 1595,8734752168,Limpieza,2026-09-10,Palmolive,36.97,106
S397,Mostaza Del Monte 1596,1542211315,Cuidado Personal,2028-11-06,Del Monte,117.28,82
S398,Vinagre Maggi 1597,9661464476,Aceites,2026-08-23,Maggi,24.09,101
S399,Sopa Kelloggs 1598,0812558117,Condimentos,2027-02-24,Kelloggs,146.53,84
S400,Pasta Pringles 1599,5482205505,Endulzantes,2028-12-27,Pringles,139.93,168
S001,Leche Coca Cola 1600,6095473020,Frutas,2028-03-10,Coca Cola,188.91,415
S002,Arroz Pepsi 1601,6991537246,Verduras,2026-12-07,Pepsi,93.62,481
S003,Frijol Lay's 1602,1783167911,Congelados,2028-11-20,Lay's,7.82,276
S004,Pan Knorr 1603,0935784548,Snacks,2028-08-12,Knorr,70.45,315
S005,Jugo McCormick 1604,8982783673,Cereales,2026-11-11,McCormick,96.36,401
S006,Jabon Dos Pinos 1605,1756970467,Lacteos,2027-02-01,Dos Pinos,20.39,69
S007,Shampoo Bimbo 1606,4590333678,Granos,2026-01-03,Bimbo,160.92,277
S008,Aceite Nestle 1607,5648260521,Bebidas,2028-08-24,Nestle,91.26,343
S009,Azucar Colgate 1608,4789139958,Panaderia,2026-10-01,Colgate,58.09,405
S010,Sal Ariel 1609,0850576067,Carnes,2028-03-03,Ariel,175.08,172
S011,Cafe Palmolive 1610,1949987025,Limpieza,2026-03-17,Palmolive,8.15,180
S012,Cereal Del Monte 1611,3274428755,Cuidado Personal,2026-03-24,Del Monte,149.02,386
S013,Atun Maggi 1612,2222791575,Aceites,2027-09-04,Maggi,186.77,464
S014,Sardina Kelloggs 1613,4223793207,Condimentos,2027-10-04,Kelloggs,196.64,115
S015,Mayonesa Pringles 1614,4686568849,Endulzantes,2028-07-17,Pringles,188.96,139
S016,Ketchup Coca Cola 1615,0303247105,Frutas,2028-09-11,Coca Cola,108.26,211
S017,Mostaza Pepsi 1616,5659666710,Verduras,2027-06-27,Pepsi,46.01,166
S018,Vinagre Lay's 1617,8615562600,Congelados,2026-06-19,Lay's,11.81,143
S019,Sopa Knorr 1618,2282978558,Snacks,2026-05-02,Knorr,107.62,7
S020,Pasta McCormick 1619,1061548024,Cereales,2026-12-28,McCormick,124.68,279
S021,Leche Dos Pinos 1620,3478616144,Lacteos,2027-03-11,Dos Pinos,24.07,483
S022,Arroz Bimbo 1621,5575258942,Granos,2027-02-23,Bimbo,71.21,246
S023,Frijol Nestle 1622,9464141109,Bebidas,2028-11-05,Nestle,14.51,288
S024,Pan Colgate 1623,8344993173,Panaderia,2026-03-09,Colgate,57.75,204
S025,Jugo Ariel 1624,7899315767,Carnes,2028-10-26,Ariel,192.68,252
S026,Jabon Palmolive 1625,4428037789,Limpieza,2027-05-09,Palmolive,108.78,354
S027,Shampoo Del Monte 1626,5460669133,Cuidado Personal,2026-11-03,Del Monte,14.11,107
S028,Aceite Maggi 1627,4825048315,Aceites,2026-12-17,Maggi,108.73,464
S029,Azucar Kelloggs 1628,5769810175,Condimentos,2026-08-27,Kelloggs,151.98,393
S030,Sal Pringles 1629,8255816896,Endulzantes,2028-07-25,Pringles,190.02,441
S031,Cafe Coca Cola 1630,1226175491,Frutas,2026-09-10,Coca Cola,57.76,194
S032,Cereal Pepsi 1631,0678008094,Verduras,2027-10-25,Pepsi,164.97,476
S033,Atun Lay's 1632,0096912533,Congelados,2026-06-27,Lay's,154.46,128
S034,Sardina Knorr 1633,3693129341,Snacks,2026-02-09,Knorr,29.36,307
S035,Mayonesa McCormick 1634,1862366705,Cereales,2028-10-23,McCormick,193.82,348
S036,Ketchup Dos Pinos 1635,6447779434,Lacteos,2028-03-15,Dos Pinos,48.98,491
S037,Mostaza Bimbo 1636,4356457745,Granos,2026-02-19,Bimbo,156.58,246
S038,Vinagre Nestle 1637,0676052883,Bebidas,2028-06-21,Nestle,87.54,375
S039,Sopa Colgate 1638,5134778888,Panaderia,2026-04-21,Colgate,154.14,139
S040,Pasta Ariel 1639,0986637565,Carnes,2026-04-14,Ariel,195.27,313
S041,Leche Palmolive 1640,0735922638,Limpieza,2027-03-02,Palmolive,37.62,19
S042,Arroz Del Monte 1641,0974721881,Cuidado Personal,2028-01-16,Del Monte,95.56,38
S043,Frijol Maggi 1642,3666514056,Aceites,2026-10-22,Maggi,152.85,396
S044,Pan Kelloggs 1643,0824633470,Condimentos,2026-05-04,Kelloggs,154.70,92
S045,Jugo Pringles 1644,9987047332,Endulzantes,2027-04-11,Pringles,78.48,20
S046,Jabon Coca Cola 1645,9574814528,Frutas,2027-10-16,Coca Cola,89.31,396
S047,Shampoo Pepsi 1646,1271594104,Verduras,2028-04-10,Pepsi,19.39,142
S048,Aceite Lay's 1647,2583259800,Congelados,2027-02-04,Lay's,36.11,313
S049,Azucar Knorr 1648,0181556031,Snacks,2027-11-16,Knorr,74.83,223
S050,Sal McCormick 1649,0954733369,Cereales,2026-09-12,McCormick,68.93,40
S051,Cafe Dos Pinos 1650,0511663297,Lacteos,2026-09-12,Dos Pinos,53.03,243
S052,Cereal Bimbo 1651,4039706156,Granos,2026-01-07,Bimbo,119.79,161
S053,Atun Nestle 1652,8045709974,Bebidas,2027-07-20,Nestle,32.76,185
S054,Sardina Colgate 1653,1255332908,Panaderia,2027-09-01,Colgate,81.09,88
S055,Mayonesa Ariel 1654,1474491841,Carnes,2026-03-08,Ariel,93.29,453
S056,Ketchup Palmolive 1655,5712007517,Limpieza,2026-06-05,Palmolive,132.96,432
S057,Mostaza Del Monte 1656,9274436001,Cuidado Personal,2026-09-03,Del Monte,45.23,200
S058,Vinagre Maggi 1657,0444076749,Aceites,2026-04-28,Maggi,203.56,324
S059,Sopa Kelloggs 1658,9961890605,Condimentos,2027-02-22,Kelloggs,177.48,164
S060,Pasta Pringles 1659,1413255328,Endulzantes,2027-08-01,Pringles,44.77,134
S061,Leche Coca Cola 1660,9110717775,Frutas,2027-07-17,Coca Cola,162.67,288
S062,Arroz Pepsi 1661,6159436907,Verduras,2028-07-26,Pepsi,87.34,436
S063,Frijol Lay's 1662,2270716744,Congelados,2027-03-18,Lay's,173.09,292
S064,Pan Knorr 1663,0345559446,Snacks,2026-04-18,Knorr,195.31,93
S065,Jugo McCormick 1664,3770569839,Cereales,2027-03-05,McCormick,159.43,423
S066,Jabon Dos Pinos 1665,0641073230,Lacteos,2028-10-05,Dos Pinos,29.13,46
S067,Shampoo Bimbo 1666,3079514730,Granos,2026-11-22,Bimbo,139.04,314
S068,Aceite Nestle 1667,9082726269,Bebidas,2028-09-11,Nestle,109.86,350
S069,Azucar Colgate 1668,1432747805,Panaderia,2026-03-21,Colgate,123.88,378
S070,Sal Ariel 1669,4316171218,Carnes,2026-09-02,Ariel,166.42,98
S071,Cafe Palmolive 1670,4074449196,Limpieza,2028-01-12,Palmolive,89.25,334
S072,Cereal Del Monte 1671,5926633667,Cuidado Personal,2026-06-22,Del Monte,52.81,364
S073,Atun Maggi 1672,2794370048,Aceites,2028-12-24,Maggi,98.04,134
S074,Sardina Kelloggs 1673,2853047880,Condimentos,2027-11-10,Kelloggs,122.98,180
S075,Mayonesa Pringles 1674,2125104575,Endulzantes,2028-06-13,Pringles,162.81,126
S076,Ketchup Coca Cola 1675,1816346630,Frutas,2026-02-24,Coca Cola,127.22,124
S077,Mostaza Pepsi 1676,0023497036,Verduras,2027-07-13,Pepsi,83.82,469
S078,Vinagre Lay's 1677,9453524489,Congelados,2026-06-27,Lay's,14.94,5
S079,Sopa Knorr 1678,6470228691,Snacks,2028-05-07,Knorr,24.83,204
S080,Pasta McCormick 1679,7764743092,Cereales,2027-11-03,McCormick,98.66,162
S081,Leche Dos Pinos 1680,0960626282,Lacteos,2026-03-04,Dos Pinos,51.06,496
S082,Arroz Bimbo 1681,1200475598,Granos,2028-06-06,Bimbo,127.86,69
S083,Frijol Nestle 1682,3353657697,Bebidas,2028-01-18,Nestle,199.15,63
S084,Pan Colgate 1683,3444134359,Panaderia,2026-07-17,Colgate,194.42,214
S085,Jugo Ariel 1684,2720077416,Carnes,2026-08-06,Ariel,109.38,145
S086,Jabon Palmolive 1685,2479432764,Limpieza,2028-10-06,Palmolive,117.66,267
S087,Shampoo Del Monte 1686,8336358101,Cuidado Personal,2026-05-12,Del Monte,67.80,199
S088,Aceite Maggi 1687,0207751185,Aceites,2026-08-05,Maggi,201.10,489
S089,Azucar Kelloggs 1688,4551941077,Condimentos,2028-09-06,Kelloggs,17.31,141
S090,Sal Pringles 1689,1451170115,Endulzantes,2028-07-19,Pringles,164.39,184
S091,Cafe Coca Cola 1690,6872171633,Frutas,2026-08-14,Coca Cola,154.12,253
S092,Cereal Pepsi 1691,8777080477,Verduras,2028-04-10,Pepsi,79.96,343
S093,Atun Lay's 1692,2898141201,Congelados,2026-12-16,Lay's,169.35,63
S094,Sardina Knorr 1693,0220124743,Snacks,2027-03-10,Knorr,147.07,21
S095,Mayonesa McCormick 1694,9623154959,Cereales,2028-11-11,McCormick,42.79,493
S096,Ketchup Dos Pinos 1695,7535639783,Lacteos,2028-07-23,Dos Pinos,12.29,231
S097,Mostaza Bimbo 1696,3870277270,Granos,2026-11-12,Bimbo,18.97,44
S098,Vinagre Nestle 1697,3474363514,Bebidas,2027-11-04,Nestle,44.43,57
S099,Sopa Colgate 1698,7393350672,Panaderia,2028-08-12,Colgate,67.88,450
S100,Pasta Ariel 1699,8274788457,Carnes,2028-03-15,Ariel,15.71,157
S101,Leche Palmolive 1700,1815899132,Limpieza,2027-01-13,Palmolive,74.80,106
S102,Arroz Del Monte 1701,7793366089,Cuidado Personal,2027-08-05,Del Monte,171.37,373
S103,Frijol Maggi 1702,5812192230,Aceites,2026-04-04,Maggi,10.06,94
S104,Pan Kelloggs 1703,7571317437,Condimentos,2026-10-08,Kelloggs,10.94,42
S105,Jugo Pringles 1704,4263407397,Endulzantes,2026-01-16,Pringles,131.11,34
S106,Jabon Coca Cola 1705,1054922214,Frutas,2028-07-02,Coca Cola,130.37,325
S107,Shampoo Pepsi 1706,3533923739,Verduras,2027-04-26,Pepsi,166.24,205
S108,Aceite Lay's 1707,6320722738,Congelados,2028-02-03,Lay's,203.61,38
S109,Azucar Knorr 1708,5453985690,Snacks,2028-01-04,Knorr,86.43,257
S110,Sal McCormick 1709,1363112357,Cereales,2026-11-18,McCormick,36.97,131
S111,Cafe Dos Pinos 1710,3740929461,Lacteos,2028-11-10,Dos Pinos,58.10,156
S112,Cereal Bimbo 1711,0681837358,Granos,2028-02-12,Bimbo,86.69,134
S113,Atun Nestle 1712,5252103593,Bebidas,2027-06-22,Nestle,161.77,495
S114,Sardina Colgate 1713,4558097831,Panaderia,2027-06-20,Colgate,71.54,325
S115,Mayonesa Ariel 1714,4515268018,Carnes,2026-04-26,Ariel,93.99,455
S116,Ketchup Palmolive 1715,5985535645,Limpieza,2028-03-22,Palmolive,171.60,263
S117,Mostaza Del Monte 1716,9235981872,Cuidado Personal,2028-07-17,Del Monte,34.42,246
S118,Vinagre Maggi 1717,2643001570,Aceites,2027-02-28,Maggi,172.77,404
S119,Sopa Kelloggs 1718,1991415273,Condimentos,2027-10-02,Kelloggs,142.29,340
S120,Pasta Pringles 1719,5164620729,Endulzantes,2026-05-23,Pringles,173.45,312
S121,Leche Coca Cola 1720,4057218044,Frutas,2026-09-05,Coca Cola,152.71,158
S122,Arroz Pepsi 1721,7626147882,Verduras,2027-12-06,Pepsi,170.68,26
S123,Frijol Lay's 1722,8725018608,Congelados,2027-05-06,Lay's,45.26,320
S124,Pan Knorr 1723,2784206224,Snacks,2027-11-19,Knorr,180.15,70
S125,Jugo McCormick 1724,6754354206,Cereales,2028-03-22,McCormick,103.25,194
S126,Jabon Dos Pinos 1725,7652569679,Lacteos,2027-10-02,Dos Pinos,69.30,272
S127,Shampoo Bimbo 1726,0270770980,Granos,2026-12-17,Bimbo,63.77,287
S128,Aceite Nestle 1727,2302617085,Bebidas,2028-03-16,Nestle,196.54,143
S129,Azucar Colgate 1728,6117629687,Panaderia,2027-10-19,Colgate,122.37,421
S130,Sal Ariel 1729,8290226476,Carnes,2027-05-18,Ariel,69.78,389
S131,Cafe Palmolive 1730,7981285860,Limpieza,2026-06-11,Palmolive,19.96,225
S132,Cereal Del Monte 1731,1151672865,Cuidado Personal,2027-02-16,Del Monte,196.85,295
S133,Atun Maggi 1732,2418290554,Aceites,2026-02-12,Maggi,112.86,314
S134,Sardina Kelloggs 1733,8194355037,Condimentos,2028-07-21,Kelloggs,5.96,458
S135,Mayonesa Pringles 1734,0757433259,Endulzantes,2028-05-18,Pringles,63.02,169
S136,Ketchup Coca Cola 1735,6420393462,Frutas,2026-06-08,Coca Cola,161.69,458
S137,Mostaza Pepsi 1736,5001653471,Verduras,2028-10-02,Pepsi,82.73,474
S138,Vinagre Lay's 1737,7418956889,Congelados,2026-02-13,Lay's,22.26,487
S139,Sopa Knorr 1738,2361596658,Snacks,2028-03-17,Knorr,114.64,427
S140,Pasta McCormick 1739,3777695412,Cereales,2026-03-02,McCormick,190.14,90
S141,Leche Dos Pinos 1740,0821005267,Lacteos,2028-03-27,Dos Pinos,59.01,481
S142,Arroz Bimbo 1741,7034442699,Granos,2028-06-06,Bimbo,58.79,358
S143,Frijol Nestle 1742,3397104327,Bebidas,2026-09-14,Nestle,180.22,431
S144,Pan Colgate 1743,5021146716,Panaderia,2027-04-13,Colgate,187.21,74
S145,Jugo Ariel 1744,0624738524,Carnes,2028-08-23,Ariel,152.47,304
S146,Jabon Palmolive 1745,0528676641,Limpieza,2028-06-14,Palmolive,142.92,165
S147,Shampoo Del Monte 1746,5409403339,Cuidado Personal,2026-11-22,Del Monte,122.10,202
S148,Aceite Maggi 1747,9548918084,Aceites,2027-03-08,Maggi,80.13,423
S149,Azucar Kelloggs 1748,1638245283,Condimentos,2026-12-08,Kelloggs,120.03,218
S150,Sal Pringles 1749,6876939016,Endulzantes,2027-01-13,Pringles,121.36,155
S151,Cafe Coca Cola 1750,3796367449,Frutas,2028-07-18,Coca Cola,93.76,345
S152,Cereal Pepsi 1751,0232239132,Verduras,2026-05-23,Pepsi,59.73,192
S153,Atun Lay's 1752,1179821595,Congelados,2026-11-25,Lay's,21.89,485
S154,Sardina Knorr 1753,8018676066,Snacks,2027-10-02,Knorr,80.31,113
S155,Mayonesa McCormick 1754,5757976386,Cereales,2028-02-12,McCormick,130.62,330
S156,Ketchup Dos Pinos 1755,8548579533,Lacteos,2027-05-07,Dos Pinos,64.75,229
S157,Mostaza Bimbo 1756,0958420985,Granos,2026-10-17,Bimbo,107.77,287
S158,Vinagre Nestle 1757,1864297057,Bebidas,2027-04-21,Nestle,122.92,44
S159,Sopa Colgate 1758,9468193497,Panaderia,2026-07-15,Colgate,13.01,461
S160,Pasta Ariel 1759,2644086586,Carnes,2028-02-27,Ariel,100.46,300
S161,Leche Palmolive 1760,4370417215,Limpieza,2026-10-24,Palmolive,68.27,167
S162,Arroz Del Monte 1761,6627691740,Cuidado Personal,2026-03-04,Del Monte,12.63,200
S163,Frijol Maggi 1762,6852250225,Aceites,2027-03-16,Maggi,174.68,45
S164,Pan Kelloggs 1763,0223352819,Condimentos,2027-08-22,Kelloggs,141.85,308
S165,Jugo Pringles 1764,0600433115,Endulzantes,2028-09-18,Pringles,169.41,481
S166,Jabon Coca Cola 1765,9255424964,Frutas,2028-02-15,Coca Cola,147.17,339
S167,Shampoo Pepsi 1766,8081127527,Verduras,2026-10-02,Pepsi,107.03,495
S168,Aceite Lay's 1767,1863319109,Congelados,2027-03-02,Lay's,42.54,311
S169,Azucar Knorr 1768,6687155293,Snacks,2026-11-17,Knorr,144.21,301
S170,Sal McCormick 1769,8658591349,Cereales,2026-02-03,McCormick,199.01,321
S171,Cafe Dos Pinos 1770,3228541856,Lacteos,2028-09-22,Dos Pinos,14.37,228
S172,Cereal Bimbo 1771,0895196277,Granos,2027-11-21,Bimbo,132.75,20
S173,Atun Nestle 1772,6634921003,Bebidas,2028-01-22,Nestle,177.90,179
S174,Sardina Colgate 1773,4341490358,Panaderia,2027-10-20,Colgate,140.62,143
S175,Mayonesa Ariel 1774,4040484808,Carnes,2027-06-11,Ariel,181.72,456
S176,Ketchup Palmolive 1775,3736209517,Limpieza,2028-02-11,Palmolive,32.82,238
S177,Mostaza Del Monte 1776,5179991509,Cuidado Personal,2028-09-28,Del Monte,199.53,436
S178,Vinagre Maggi 1777,2931666365,Aceites,2027-09-05,Maggi,133.79,164
S179,Sopa Kelloggs 1778,1937108598,Condimentos,2027-05-18,Kelloggs,9.38,281
S180,Pasta Pringles 1779,7479748626,Endulzantes,2026-05-08,Pringles,138.78,216
S181,Leche Coca Cola 1780,2728916966,Frutas,2028-05-24,Coca Cola,137.04,429
S182,Arroz Pepsi 1781,4274071022,Verduras,2027-03-06,Pepsi,98.74,293
S183,Frijol Lay's 1782,8298096476,Congelados,2028-03-10,Lay's,76.55,165
S184,Pan Knorr 1783,5415791656,Snacks,2026-12-22,Knorr,76.52,79
S185,Jugo McCormick 1784,2879050117,Cereales,2028-06-24,McCormick,85.99,488
S186,Jabon Dos Pinos 1785,2267704982,Lacteos,2028-03-13,Dos Pinos,54.30,441
S187,Shampoo Bimbo 1786,2604655627,Granos,2026-03-19,Bimbo,70.73,380
S188,Aceite Nestle 1787,8806735555,Bebidas,2026-06-26,Nestle,167.17,358
S189,Azucar Colgate 1788,5992260597,Panaderia,2026-06-04,Colgate,137.16,396
S190,Sal Ariel 1789,9261197096,Carnes,2027-03-07,Ariel,144.04,238
S191,Cafe Palmolive 1790,1793727825,Limpieza,2027-04-10,Palmolive,146.91,419
S192,Cereal Del Monte 1791,9642729919,Cuidado Personal,2028-06-05,Del Monte,6.23,328
S193,Atun Maggi 1792,7964521304,Aceites,2026-11-04,Maggi,194.92,291
S194,Sardina Kelloggs 1793,9164965248,Condimentos,2026-12-28,Kelloggs,27.56,31
S195,Mayonesa Pringles 1794,5809345193,Endulzantes,2026-10-16,Pringles,197.24,426
S196,Ketchup Coca Cola 1795,6063360205,Frutas,2027-11-05,Coca Cola,59.84,230
S197,Mostaza Pepsi 1796,2898660586,Verduras,2027-11-16,Pepsi,141.83,336
S198,Vinagre Lay's 1797,7416022957,Congelados,2027-08-26,Lay's,136.79,306
S199,Sopa Knorr 1798,1470789592,Snacks,2027-06-09,Knorr,105.13,486
S200,Pasta McCormick 1799,7847106372,Cereales,2028-10-06,McCormick,5.12,317
S201,Leche Dos Pinos 1800,8040634908,Lacteos,2026-01-24,Dos Pinos,39.92,255
S202,Arroz Bimbo 1801,7147610701,Granos,2027-04-05,Bimbo,72.18,15
S203,Frijol Nestle 1802,0532745053,Bebidas,2026-12-04,Nestle,83.59,79
S204,Pan Colgate 1803,2083588136,Panaderia,2028-08-27,Colgate,163.00,209
S205,Jugo Ariel 1804,6081328607,Carnes,2027-07-07,Ariel,88.43,245
S206,Jabon Palmolive 1805,2085497075,Limpieza,2027-12-11,Palmolive,111.85,353
S207,Shampoo Del Monte 1806,2049558343,Cuidado Personal,2026-07-06,Del Monte,66.81,12
S208,Aceite Maggi 1807,3278346645,Aceites,2027-05-10,Maggi,29.74,280
S209,Azucar Kelloggs 1808,4240129984,Condimentos,2026-11-17,Kelloggs,149.76,363
S210,Sal Pringles 1809,0551841561,Endulzantes,2026-11-22,Pringles,34.28,310
S211,Cafe Coca Cola 1810,1590546695,Frutas,2027-07-28,Coca Cola,79.50,313
S212,Cereal Pepsi 1811,2058167048,Verduras,2026-05-21,Pepsi,198.09,265
S213,Atun Lay's 1812,7459832704,Congelados,2027-12-08,Lay's,83.21,206
S214,Sardina Knorr 1813,5478124027,Snacks,2026-08-22,Knorr,129.28,266
S215,Mayonesa McCormick 1814,9413175440,Cereales,2028-06-19,McCormick,94.57,324
S216,Ketchup Dos Pinos 1815,5304693329,Lacteos,2026-12-10,Dos Pinos,24.59,432
S217,Mostaza Bimbo 1816,7435380520,Granos,2027-11-19,Bimbo,185.87,306
S218,Vinagre Nestle 1817,7349627106,Bebidas,2028-08-28,Nestle,178.01,74
S219,Sopa Colgate 1818,1489093101,Panaderia,2028-07-22,Colgate,159.43,38
S220,Pasta Ariel 1819,0273914156,Carnes,2028-12-21,Ariel,167.45,104
S221,Leche Palmolive 1820,2909929627,Limpieza,2026-05-24,Palmolive,189.21,295
S222,Arroz Del Monte 1821,5025918174,Cuidado Personal,2028-07-05,Del Monte,137.76,212
S223,Frijol Maggi 1822,3586326053,Aceites,2028-08-14,Maggi,95.50,371
S224,Pan Kelloggs 1823,8747090584,Condimentos,2026-10-25,Kelloggs,87.59,181
S225,Jugo Pringles 1824,0899551772,Endulzantes,2026-11-14,Pringles,135.07,329
S226,Jabon Coca Cola 1825,5052562873,Frutas,2027-07-12,Coca Cola,203.26,136
S227,Shampoo Pepsi 1826,9784713837,Verduras,2027-08-27,Pepsi,36.31,173
S228,Aceite Lay's 1827,4989508688,Congelados,2027-09-16,Lay's,48.34,440
S229,Azucar Knorr 1828,1293099078,Snacks,2028-02-06,Knorr,74.96,220
S230,Sal McCormick 1829,4017058193,Cereales,2027-05-08,McCormick,166.59,102
S231,Cafe Dos Pinos 1830,4965244152,Lacteos,2027-05-19,Dos Pinos,23.81,146
S232,Cereal Bimbo 1831,7707066370,Granos,2028-09-13,Bimbo,107.69,41
S233,Atun Nestle 1832,1792870514,Bebidas,2026-09-03,Nestle,152.79,464
S234,Sardina Colgate 1833,1814263957,Panaderia,2026-04-25,Colgate,7.06,206
S235,Mayonesa Ariel 1834,6748174120,Carnes,2028-04-28,Ariel,76.25,385
S236,Ketchup Palmolive 1835,3072200125,Limpieza,2027-04-19,Palmolive,47.22,442
S237,Mostaza Del Monte 1836,3139228024,Cuidado Personal,2026-07-07,Del Monte,168.71,300
S238,Vinagre Maggi 1837,6922717688,Aceites,2028-09-25,Maggi,30.08,187
S239,Sopa Kelloggs 1838,2773501308,Condimentos,2027-03-25,Kelloggs,115.97,92
S240,Pasta Pringles 1839,8022981359,Endulzantes,2026-11-01,Pringles,195.96,168
S241,Leche Coca Cola 1840,3616557887,Frutas,2027-12-11,Coca Cola,201.24,27
S242,Arroz Pepsi 1841,3092338142,Verduras,2028-04-16,Pepsi,187.62,404
S243,Frijol Lay's 1842,0187766470,Congelados,2027-12-20,Lay's,130.23,25
S244,Pan Knorr 1843,2412490210,Snacks,2026-08-04,Knorr,31.85,265
S245,Jugo McCormick 1844,7135395957,Cereales,2028-07-08,McCormick,106.17,96
S246,Jabon Dos Pinos 1845,3079870485,Lacteos,2026-02-10,Dos Pinos,96.30,245
S247,Shampoo Bimbo 1846,6896906935,Granos,2027-02-18,Bimbo,198.80,163
S248,Aceite Nestle 1847,1615989585,Bebidas,2028-01-27,Nestle,193.86,197
S249,Azucar Colgate 1848,5724016270,Panaderia,2028-07-17,Colgate,84.64,250
S250,Sal Ariel 1849,3677497879,Carnes,2028-03-26,Ariel,171.65,232
S251,Cafe Palmolive 1850,8994121813,Limpieza,2026-06-10,Palmolive,142.20,438
S252,Cereal Del Monte 1851,4382944521,Cuidado Personal,2026-01-22,Del Monte,107.39,14
S253,Atun Maggi 1852,7784209730,Aceites,2026-07-21,Maggi,200.31,447
S254,Sardina Kelloggs 1853,2023695866,Condimentos,2027-02-24,Kelloggs,42.92,158
S255,Mayonesa Pringles 1854,9703135769,Endulzantes,2028-09-25,Pringles,109.50,380
S256,Ketchup Coca Cola 1855,5442035473,Frutas,2026-12-25,Coca Cola,103.49,243
S257,Mostaza Pepsi 1856,3412140846,Verduras,2027-01-05,Pepsi,145.20,344
S258,Vinagre Lay's 1857,0385958964,Congelados,2026-04-18,Lay's,58.01,167
S259,Sopa Knorr 1858,6315277681,Snacks,2027-12-09,Knorr,193.42,376
S260,Pasta McCormick 1859,9140818511,Cereales,2028-10-26,McCormick,38.27,229
S261,Leche Dos Pinos 1860,3542645608,Lacteos,2027-07-20,Dos Pinos,158.72,339
S262,Arroz Bimbo 1861,7907030854,Granos,2027-03-27,Bimbo,102.97,288
S263,Frijol Nestle 1862,9473279384,Bebidas,2028-07-03,Nestle,201.47,464
S264,Pan Colgate 1863,2597152928,Panaderia,2026-07-25,Colgate,90.73,359
S265,Jugo Ariel 1864,1284374509,Carnes,2026-05-10,Ariel,95.78,425
S266,Jabon Palmolive 1865,3494605053,Limpieza,2027-01-01,Palmolive,18.38,446
S267,Shampoo Del Monte 1866,3137598645,Cuidado Personal,2026-04-08,Del Monte,177.47,231
S268,Aceite Maggi 1867,3029048488,Aceites,2026-06-01,Maggi,85.76,290
S269,Azucar Kelloggs 1868,2844574662,Condimentos,2026-09-22,Kelloggs,181.04,9
S270,Sal Pringles 1869,5753233454,Endulzantes,2027-08-25,Pringles,188.19,1
S271,Cafe Coca Cola 1870,6087173282,Frutas,2026-06-15,Coca Cola,97.86,352
S272,Cereal Pepsi 1871,9939013470,Verduras,2028-02-16,Pepsi,56.07,306
S273,Atun Lay's 1872,4407509060,Congelados,2026-06-27,Lay's,102.69,169
S274,Sardina Knorr 1873,7030396149,Snacks,2026-01-01,Knorr,179.05,210
S275,Mayonesa McCormick 1874,6161556802,Cereales,2028-10-20,McCormick,155.24,473
S276,Ketchup Dos Pinos 1875,0192184372,Lacteos,2026-08-05,Dos Pinos,146.75,40
S277,Mostaza Bimbo 1876,4536997874,Granos,2028-11-15,Bimbo,181.82,171
S278,Vinagre Nestle 1877,9081896266,Bebidas,2027-08-15,Nestle,184.18,231
S279,Sopa Colgate 1878,1218201529,Panaderia,2027-11-09,Colgate,146.40,500
S280,Pasta Ariel 1879,0478203817,Carnes,2028-12-10,Ariel,21.87,272
S281,Leche Palmolive 1880,1897373408,Limpieza,2026-04-18,Palmolive,60.79,242
S282,Arroz Del Monte 1881,0496502453,Cuidado Personal,2028-08-14,Del Monte,82.97,452
S283,Frijol Maggi 1882,0512368764,Aceites,2026-07-09,Maggi,103.82,421
S284,Pan Kelloggs 1883,2157008048,Condimentos,2028-10-25,Kelloggs,54.84,300
S285,Jugo Pringles 1884,3108020602,Endulzantes,2027-04-13,Pringles,55.28,133
S286,Jabon Coca Cola 1885,6032239636,Frutas,2026-02-07,Coca Cola,126.93,295
S287,Shampoo Pepsi 1886,0697301619,Verduras,2027-06-18,Pepsi,81.89,125
S288,Aceite Lay's 1887,1974325326,Congelados,2027-05-28,Lay's,95.82,454
S289,Azucar Knorr 1888,2168588944,Snacks,2026-03-08,Knorr,194.11,6
S290,Sal McCormick 1889,6860414322,Cereales,2027-07-22,McCormick,78.59,103
S291,Cafe Dos Pinos 1890,1487167196,Lacteos,2028-03-12,Dos Pinos,114.74,14
S292,Cereal Bimbo 1891,8517754549,Granos,2028-01-01,Bimbo,183.34,213
S293,Atun Nestle 1892,3873369214,Bebidas,2028-11-24,Nestle,45.45,19
S294,Sardina Colgate 1893,5372521254,Panaderia,2028-10-08,Colgate,20.13,6
S295,Mayonesa Ariel 1894,2251653521,Carnes,2028-05-22,Ariel,168.77,239
S296,Ketchup Palmolive 1895,3795506918,Limpieza,2026-04-07,Palmolive,103.67,7
S297,Mostaza Del Monte 1896,1487924281,Cuidado Personal,2027-03-03,Del Monte,91.67,130
S298,Vinagre Maggi 1897,0071895370,Aceites,2026-10-25,Maggi,65.24,151
S299,Sopa Kelloggs 1898,3644106795,Condimentos,2028-07-04,Kelloggs,157.00,44
S300,Pasta Pringles 1899,8948961124,Endulzantes,2026-08-06,Pringles,180.29,446
S301,Leche Coca Cola 1900,9885153427,Frutas,2027-06-20,Coca Cola,193.32,224
S302,Arroz Pepsi 1901,4283045967,Verduras,2026-02-08,Pepsi,185.56,207
S303,Frijol Lay's 1902,9984281186,Congelados,2026-12-27,Lay's,95.86,433
S304,Pan Knorr 1903,0446632316,Snacks,2028-01-23,Knorr,19.18,304
S305,Jugo McCormick 1904,9646133853,Cereales,2026-10-05,McCormick,183.39,101
S306,Jabon Dos Pinos 1905,6547651321,Lacteos,2026-07-24,Dos Pinos,22.16,351
S307,Shampoo Bimbo 1906,8868485085,Granos,2027-04-26,Bimbo,53.18,461
S308,Aceite Nestle 1907,0073734485,Bebidas,2027-01-22,Nestle,202.53,73
S309,Azucar Colgate 1908,8093200902,Panaderia,2028-04-04,Colgate,70.81,153
S310,Sal Ariel 1909,1495294032,Carnes,2027-06-27,Ariel,95.14,465
S311,Cafe Palmolive 1910,1465861876,Limpieza,2027-02-17,Palmolive,99.38,464
S312,Cereal Del Monte 1911,1734475841,Cuidado Personal,2027-03-14,Del Monte,140.51,485
S313,Atun Maggi 1912,4593594545,Aceites,2027-05-15,Maggi,78.26,8
S314,Sardina Kelloggs 1913,8020711494,Condimentos,2028-03-02,Kelloggs,89.87,34
S315,Mayonesa Pringles 1914,3735121755,Endulzantes,2028-02-25,Pringles,76.95,42
S316,Ketchup Coca Cola 1915,6850771665,Frutas,2028-08-06,Coca Cola,167.32,155
S317,Mostaza Pepsi 1916,1436989340,Verduras,2026-05-13,Pepsi,15.05,34
S318,Vinagre Lay's 1917,2825428331,Congelados,2026-11-09,Lay's,80.03,391
S319,Sopa Knorr 1918,5755715079,Snacks,2028-06-08,Knorr,83.44,352
S320,Pasta McCormick 1919,5058666467,Cereales,2027-04-20,McCormick,103.78,10
S321,Leche Dos Pinos 1920,8789305330,Lacteos,2028-08-13,Dos Pinos,164.33,113
S322,Arroz Bimbo 1921,0279767064,Granos,2028-05-26,Bimbo,131.51,249
S323,Frijol Nestle 1922,8791276394,Bebidas,2027-01-25,Nestle,46.40,263
S324,Pan Colgate 1923,1925930845,Panaderia,2026-08-25,Colgate,137.19,410
S325,Jugo Ariel 1924,1516283917,Carnes,2028-10-08,Ariel,68.77,356
S326,Jabon Palmolive 1925,1659596362,Limpieza,2028-05-07,Palmolive,121.63,110
S327,Shampoo Del Monte 1926,7043393466,Cuidado Personal,2026-10-07,Del Monte,75.16,116
S328,Aceite Maggi 1927,5705935963,Aceites,2026-11-27,Maggi,197.07,435
S329,Azucar Kelloggs 1928,8305410652,Condimentos,2028-06-13,Kelloggs,33.04,437
S330,Sal Pringles 1929,7802399418,Endulzantes,2028-06-04,Pringles,20.23,454
S331,Cafe Coca Cola 1930,3682071859,Frutas,2027-02-21,Coca Cola,167.23,162
S332,Cereal Pepsi 1931,7019213633,Verduras,2027-06-17,Pepsi,78.30,233
S333,Atun Lay's 1932,9080944093,Congelados,2027-03-16,Lay's,112.40,186
S334,Sardina Knorr 1933,1910199499,Snacks,2026-10-06,Knorr,95.80,349
S335,Mayonesa McCormick 1934,4103298110,Cereales,2026-06-27,McCormick,130.13,476
S336,Ketchup Dos Pinos 1935,1439226930,Lacteos,2028-05-24,Dos Pinos,31.70,463
S337,Mostaza Bimbo 1936,3871814429,Granos,2026-03-09,Bimbo,59.60,441
S338,Vinagre Nestle 1937,8166377443,Bebidas,2027-12-20,Nestle,169.71,318
S339,Sopa Colgate 1938,9267076072,Panaderia,2027-10-18,Colgate,134.71,456
S340,Pasta Ariel 1939,8623247453,Carnes,2027-01-17,Ariel,46.45,434
S341,Leche Palmolive 1940,5327722494,Limpieza,2028-02-17,Palmolive,102.45,389
S342,Arroz Del Monte 1941,9471982886,Cuidado Personal,2026-05-26,Del Monte,102.00,166
S343,Frijol Maggi 1942,9207191736,Aceites,2028-11-28,Maggi,87.94,63
S344,Pan Kelloggs 1943,0518271225,Condimentos,2026-05-11,Kelloggs,18.91,312
S345,Jugo Pringles 1944,5880010564,Endulzantes,2028-07-01,Pringles,177.66,15
S346,Jabon Coca Cola 1945,2345120383,Frutas,2027-01-20,Coca Cola,173.35,143
S347,Shampoo Pepsi 1946,7037171665,Verduras,2026-01-07,Pepsi,145.27,383
S348,Aceite Lay's 1947,1364136235,Congelados,2026-07-16,Lay's,27.45,392
S349,Azucar Knorr 1948,7550495942,Snacks,2027-02-06,Knorr,98.66,415
S350,Sal McCormick 1949,1670714029,Cereales,2026-02-24,McCormick,117.85,342
S351,Cafe Dos Pinos 1950,5833860417,Lacteos,2028-09-16,Dos Pinos,144.95,452
S352,Cereal Bimbo 1951,2700679485,Granos,2027-08-15,Bimbo,9.65,331
S353,Atun Nestle 1952,0108510393,Bebidas,2028-02-03,Nestle,33.88,161
S354,Sardina Colgate 1953,0192187567,Panaderia,2026-11-23,Colgate,147.50,317
S355,Mayonesa Ariel 1954,5393998369,Carnes,2028-06-27,Ariel,19.08,76
S356,Ketchup Palmolive 1955,6949899975,Limpieza,2026-07-11,Palmolive,39.76,40
S357,Mostaza Del Monte 1956,1226987715,Cuidado Personal,2028-08-03,Del Monte,152.33,425
S358,Vinagre Maggi 1957,8118865498,Aceites,2027-01-09,Maggi,38.10,317
S359,Sopa Kelloggs 1958,2999628994,Condimentos,2026-04-08,Kelloggs,130.65,434
S360,Pasta Pringles 1959,6020747278,Endulzantes,2028-02-10,Pringles,176.21,460
S361,Leche Coca Cola 1960,7218496714,Frutas,2026-11-16,Coca Cola,8.60,392
S362,Arroz Pepsi 1961,5184309891,Verduras,2027-12-12,Pepsi,32.39,448
S363,Frijol Lay's 1962,4441835761,Congelados,2028-06-21,Lay's,86.65,200
S364,Pan Knorr 1963,0507722367,Snacks,2026-11-25,Knorr,17.97,29
S365,Jugo McCormick 1964,0738245351,Cereales,2026-05-01,McCormick,93.75,133
S366,Jabon Dos Pinos 1965,3138463445,Lacteos,2028-08-11,Dos Pinos,75.20,264
S367,Shampoo Bimbo 1966,0652002760,Granos,2027-03-05,Bimbo,140.20,204
S368,Aceite Nestle 1967,3042913538,Bebidas,2027-07-27,Nestle,115.39,170
S369,Azucar Colgate 1968,8041149806,Panaderia,2027-05-06,Colgate,124.90,41
S370,Sal Ariel 1969,6960262779,Carnes,2026-05-17,Ariel,92.49,468
S371,Cafe Palmolive 1970,3113081922,Limpieza,2026-05-20,Palmolive,43.96,47
S372,Cereal Del Monte 1971,0053797731,Cuidado Personal,2026-03-20,Del Monte,102.32,431
S373,Atun Maggi 1972,3350583086,Aceites,2028-01-05,Maggi,151.08,452
S374,Sardina Kelloggs 1973,2665431328,Condimentos,2028-08-07,Kelloggs,33.67,165
S375,Mayonesa Pringles 1974,6595753216,Endulzantes,2026-12-21,Pringles,149.56,403
S376,Ketchup Coca Cola 1975,4410204143,Frutas,2026-02-18,Coca Cola,133.71,483
S377,Mostaza Pepsi 1976,5250506630,Verduras,2028-09-07,Pepsi,91.09,328
S378,Vinagre Lay's 1977,3484432258,Congelados,2028-06-25,Lay's,61.08,217
S379,Sopa Knorr 1978,6416700494,Snacks,2028-09-25,Knorr,115.95,463
S380,Pasta McCormick 1979,8923082332,Cereales,2027-07-11,McCormick,191.25,449
S381,Leche Dos Pinos 1980,4957955044,Lacteos,2028-04-01,Dos Pinos,21.76,447
S382,Arroz Bimbo 1981,0667342872,Granos,2027-09-07,Bimbo,26.33,412
S383,Frijol Nestle 1982,8004956489,Bebidas,2027-06-26,Nestle,83.09,219
S384,Pan Colgate 1983,3583072193,Panaderia,2028-03-28,Colgate,59.95,156
S385,Jugo Ariel 1984,3277295382,Carnes,2027-05-27,Ariel,10.19,255
S386,Jabon Palmolive 1985,7241326609,Limpieza,2028-07-03,Palmolive,13.31,487
S387,Shampoo Del Monte 1986,0154384467,Cuidado Personal,2027-09-08,Del Monte,48.69,486
S388,Aceite Maggi 1987,8215413445,Aceites,2027-10-16,Maggi,34.59,365
S389,Azucar Kelloggs 1988,3907924880,Condimentos,2028-10-17,Kelloggs,111.04,293
S390,Sal Pringles 1989,4176839430,Endulzantes,2028-01-20,Pringles,137.59,147
S391,Cafe Coca Cola 1990,4555174461,Frutas,2027-09-07,Coca Cola,141.74,196
S392,Cereal Pepsi 1991,6479817738,Verduras,2026-11-10,Pepsi,174.12,193
S393,Atun Lay's 1992,4899708395,Congelados,2027-08-12,Lay's,46.56,19
S394,Sardina Knorr 1993,3107837893,Snacks,2028-04-28,Knorr,123.62,186
S395,Mayonesa McCormick 1994,5938794470,Cereales,2028-02-02,McCormick,29.34,452
S396,Ketchup Dos Pinos 1995,3271129810,Lacteos,2028-07-07,Dos Pinos,114.42,28
S397,Mostaza Bimbo 1996,9770872198,Granos,2026-07-06,Bimbo,108.44,367
S398,Vinagre Nestle 1997,2621078567,Bebidas,2028-11-26,Nestle,132.79,233
S399,Sopa Colgate 1998,1441250892,Panaderia,2027-07-14,Colgate,35.93,439
S400,Pasta Ariel 1999,2624450894,Carnes,2028-11-11,Ariel,195.81,404
S001,Leche Palmolive 2000,0021759429,Limpieza,2028-02-02,Palmolive,193.82,336
S002,Arroz Del Monte 2001,9691905470,Cuidado Personal,2027-08-12,Del Monte,27.62,270
S003,Frijol Maggi 2002,7702569368,Aceites,2026-03-17,Maggi,117.55,446
S004,Pan Kelloggs 2003,6764720294,Condimentos,2027-12-23,Kelloggs,176.52,287
S005,Jugo Pringles 2004,9023975493,Endulzantes,2028-07-27,Pringles,136.47,248
S006,Jabon Coca Cola 2005,0111455864,Frutas,2028-10-05,Coca Cola,19.84,302
S007,Shampoo Pepsi 2006,2393634243,Verduras,2026-02-23,Pepsi,188.04,425
S008,Aceite Lay's 2007,7014600534,Congelados,2027-01-16,Lay's,123.90,341
S009,Azucar Knorr 2008,2495971337,Snacks,2028-05-19,Knorr,177.17,43
S010,Sal McCormick 2009,8505564707,Cereales,2026-01-24,McCormick,55.53,78
S011,Cafe Dos Pinos 2010,0843457581,Lacteos,2028-02-15,Dos Pinos,192.15,214
S012,Cereal Bimbo 2011,1710497631,Granos,2027-01-06,Bimbo,171.43,125
S013,Atun Nestle 2012,7539283309,Bebidas,2026-04-28,Nestle,124.65,406
S014,Sardina Colgate 2013,6174600928,Panaderia,2026-11-21,Colgate,24.10,93
S015,Mayonesa Ariel 2014,3276653117,Carnes,2027-02-15,Ariel,50.19,318
S016,Ketchup Palmolive 2015,4711584106,Limpieza,2028-08-06,Palmolive,179.15,450
S017,Mostaza Del Monte 2016,9115041720,Cuidado Personal,2026-09-23,Del Monte,144.82,320
S018,Vinagre Maggi 2017,0473954797,Aceites,2027-10-09,Maggi,79.67,340
S019,Sopa Kelloggs 2018,6989145079,Condimentos,2027-12-11,Kelloggs,111.87,165
S020,Pasta Pringles 2019,7910407468,Endulzantes,2026-09-23,Pringles,203.40,232
S021,Leche Coca Cola 2020,4308330850,Frutas,2027-08-10,Coca Cola,113.41,442
S022,Arroz Pepsi 2021,6149668161,Verduras,2027-03-06,Pepsi,85.89,119
S023,Frijol Lay's 2022,7030840163,Congelados,2028-10-21,Lay's,170.91,411
S024,Pan Knorr 2023,5078219178,Snacks,2027-04-09,Knorr,125.72,177
S025,Jugo McCormick 2024,6653767063,Cereales,2026-01-22,McCormick,182.32,238
S026,Jabon Dos Pinos 2025,8476133247,Lacteos,2026-06-25,Dos Pinos,59.35,404
S027,Shampoo Bimbo 2026,2295504355,Granos,2028-06-28,Bimbo,74.53,37
S028,Aceite Nestle 2027,7927508544,Bebidas,2027-07-15,Nestle,139.58,220
S029,Azucar Colgate 2028,3306233671,Panaderia,2026-12-08,Colgate,26.29,386
S030,Sal Ariel 2029,0999880689,Carnes,2028-03-25,Ariel,65.57,313
S031,Cafe Palmolive 2030,3222179304,Limpieza,2026-05-22,Palmolive,27.55,184
S032,Cereal Del Monte 2031,7588588718,Cuidado Personal,2027-12-11,Del Monte,181.03,153
S033,Atun Maggi 2032,2558708568,Aceites,2028-10-04,Maggi,199.36,309
S034,Sardina Kelloggs 2033,9195676792,Condimentos,2026-01-01,Kelloggs,135.70,2
S035,Mayonesa Pringles 2034,7214287355,Endulzantes,2027-10-16,Pringles,56.41,285
S036,Ketchup Coca Cola 2035,6827763147,Frutas,2028-11-18,Coca Cola,152.91,25
S037,Mostaza Pepsi 2036,9904275245,Verduras,2027-02-05,Pepsi,39.15,21
S038,Vinagre Lay's 2037,2449434789,Congelados,2027-05-13,Lay's,188.96,406
S039,Sopa Knorr 2038,5883706139,Snacks,2028-07-08,Knorr,144.09,99
S040,Pasta McCormick 2039,8045639655,Cereales,2028-10-15,McCormick,33.55,386
S041,Leche Dos Pinos 2040,5822259442,Lacteos,2028-05-04,Dos Pinos,149.18,175
S042,Arroz Bimbo 2041,6966968019,Granos,2028-07-22,Bimbo,129.19,471
S043,Frijol Nestle 2042,4716385796,Bebidas,2028-09-27,Nestle,109.80,92
S044,Pan Colgate 2043,8187239306,Panaderia,2026-05-25,Colgate,76.57,413
S045,Jugo Ariel 2044,2555604358,Carnes,2027-06-17,Ariel,91.70,159
S046,Jabon Palmolive 2045,0142443497,Limpieza,2027-05-28,Palmolive,100.25,174
S047,Shampoo Del Monte 2046,7908106609,Cuidado Personal,2027-09-19,Del Monte,181.02,62
S048,Aceite Maggi 2047,9157550425,Aceites,2027-12-27,Maggi,56.87,86
S049,Azucar Kelloggs 2048,1556782907,Condimentos,2026-08-11,Kelloggs,193.52,415
S050,Sal Pringles 2049,0836118607,Endulzantes,2027-11-07,Pringles,167.65,78
S051,Cafe Coca Cola 2050,6821879582,Frutas,2026-04-05,Coca Cola,8.72,190
S052,Cereal Pepsi 2051,8153650643,Verduras,2026-06-01,Pepsi,133.18,156
S053,Atun Lay's 2052,4825180548,Congelados,2027-07-23,Lay's,106.28,78
S054,Sardina Knorr 2053,0303696274,Snacks,2026-02-13,Knorr,97.74,84
S055,Mayonesa McCormick 2054,1186419009,Cereales,2028-11-24,McCormick,195.98,321
S056,Ketchup Dos Pinos 2055,0236915082,Lacteos,2028-03-11,Dos Pinos,47.00,17
S057,Mostaza Bimbo 2056,7309853119,Granos,2026-04-15,Bimbo,50.58,235
S058,Vinagre Nestle 2057,4104919792,Bebidas,2028-11-09,Nestle,189.13,231
S059,Sopa Colgate 2058,2616051496,Panaderia,2028-06-19,Colgate,63.21,500
S060,Pasta Ariel 2059,5379875745,Carnes,2028-03-10,Ariel,108.55,400
S061,Leche Palmolive 2060,5717389085,Limpieza,2028-11-09,Palmolive,179.66,347
S062,Arroz Del Monte 2061,8710798758,Cuidado Personal,2027-05-13,Del Monte,151.63,224
S063,Frijol Maggi 2062,2294094668,Aceites,2026-10-14,Maggi,38.71,342
S064,Pan Kelloggs 2063,7865129819,Condimentos,2028-07-26,Kelloggs,160.30,175
S065,Jugo Pringles 2064,2304960326,Endulzantes,2026-03-14,Pringles,93.70,170
S066,Jabon Coca Cola 2065,7098876481,Frutas,2027-05-20,Coca Cola,13.48,486
S067,Shampoo Pepsi 2066,2301812553,Verduras,2028-10-17,Pepsi,78.35,368
S068,Aceite Lay's 2067,5385049763,Congelados,2028-10-26,Lay's,109.81,332
S069,Azucar Knorr 2068,8290811785,Snacks,2026-01-20,Knorr,100.86,164
S070,Sal McCormick 2069,6786921362,Cereales,2027-05-27,McCormick,114.31,231
S071,Cafe Dos Pinos 2070,7545760854,Lacteos,2027-04-28,Dos Pinos,127.83,3
S072,Cereal Bimbo 2071,9611037803,Granos,2028-07-13,Bimbo,154.36,281
S073,Atun Nestle 2072,4033278627,Bebidas,2026-11-13,Nestle,31.88,82
S074,Sardina Colgate 2073,7384491922,Panaderia,2026-06-24,Colgate,90.22,256
S075,Mayonesa Ariel 2074,8523320580,Carnes,2028-10-10,Ariel,12.07,261
S076,Ketchup Palmolive 2075,7558673802,Limpieza,2027-10-01,Palmolive,59.88,252
S077,Mostaza Del Monte 2076,3945031814,Cuidado Personal,2026-04-19,Del Monte,122.27,83
S078,Vinagre Maggi 2077,0285982698,Aceites,2027-02-14,Maggi,47.71,161
S079,Sopa Kelloggs 2078,2849856275,Condimentos,2026-02-01,Kelloggs,199.07,241
S080,Pasta Pringles 2079,0147495572,Endulzantes,2026-02-25,Pringles,38.33,117
S081,Leche Coca Cola 2080,7753321363,Frutas,2027-09-11,Coca Cola,30.59,342
S082,Arroz Pepsi 2081,1636615598,Verduras,2026-09-16,Pepsi,163.92,388
S083,Frijol Lay's 2082,6868920452,Congelados,2026-01-08,Lay's,150.33,338
S084,Pan Knorr 2083,7202486366,Snacks,2026-12-24,Knorr,190.19,286
S085,Jugo McCormick 2084,8666083910,Cereales,2027-07-15,McCormick,189.26,489
S086,Jabon Dos Pinos 2085,4603156840,Lacteos,2027-12-13,Dos Pinos,6.03,308
S087,Shampoo Bimbo 2086,0291798005,Granos,2026-12-08,Bimbo,55.61,353
S088,Aceite Nestle 2087,2441916330,Bebidas,2027-08-12,Nestle,22.70,73
S089,Azucar Colgate 2088,2766187886,Panaderia,2027-07-01,Colgate,158.06,275
S090,Sal Ariel 2089,2991302972,Carnes,2026-07-24,Ariel,40.61,433
S091,Cafe Palmolive 2090,5269631773,Limpieza,2028-03-27,Palmolive,126.55,499
S092,Cereal Del Monte 2091,0258308126,Cuidado Personal,2026-02-07,Del Monte,130.90,246
S093,Atun Maggi 2092,7362876529,Aceites,2026-07-18,Maggi,201.38,469
S094,Sardina Kelloggs 2093,4855471833,Condimentos,2028-03-20,Kelloggs,185.46,232
S095,Mayonesa Pringles 2094,0918450481,Endulzantes,2027-08-05,Pringles,99.80,354
S096,Ketchup Coca Cola 2095,2291976467,Frutas,2026-04-25,Coca Cola,39.18,21
S097,Mostaza Pepsi 2096,7168715728,Verduras,2026-02-08,Pepsi,58.65,91
S098,Vinagre Lay's 2097,7097293834,Congelados,2026-12-28,Lay's,174.64,410
S099,Sopa Knorr 2098,7278956710,Snacks,2027-12-24,Knorr,32.34,393
S100,Pasta McCormick 2099,9853122552,Cereales,2026-03-07,McCormick,133.17,209
S101,Leche Dos Pinos 2100,2110321037,Lacteos,2026-02-09,Dos Pinos,82.39,233
S102,Arroz Bimbo 2101,7247396521,Granos,2028-04-24,Bimbo,151.09,156
S103,Frijol Nestle 2102,6385642759,Bebidas,2026-01-21,Nestle,183.30,47
S104,Pan Colgate 2103,3461471942,Panaderia,2028-06-06,Colgate,61.24,84
S105,Jugo Ariel 2104,6323756538,Carnes,2028-11-17,Ariel,147.83,139
S106,Jabon Palmolive 2105,1000591586,Limpieza,2028-06-28,Palmolive,5.33,277
S107,Shampoo Del Monte 2106,2448068128,Cuidado Personal,2028-02-24,Del Monte,118.18,185
S108,Aceite Maggi 2107,9710667381,Aceites,2027-11-11,Maggi,124.12,368
S109,Azucar Kelloggs 2108,0602424483,Condimentos,2026-11-18,Kelloggs,63.55,299
S110,Sal Pringles 2109,0807648838,Endulzantes,2028-10-06,Pringles,37.70,156
S111,Cafe Coca Cola 2110,7865848397,Frutas,2027-11-17,Coca Cola,120.21,373
S112,Cereal Pepsi 2111,7174752377,Verduras,2028-05-15,Pepsi,147.62,157
S113,Atun Lay's 2112,5303752704,Congelados,2028-10-12,Lay's,49.63,416
S114,Sardina Knorr 2113,8438044761,Snacks,2027-07-20,Knorr,89.29,157
S115,Mayonesa McCormick 2114,3022625740,Cereales,2028-05-27,McCormick,198.34,102
S116,Ketchup Dos Pinos 2115,7496698568,Lacteos,2026-03-27,Dos Pinos,190.72,232
S117,Mostaza Bimbo 2116,0831208930,Granos,2026-12-04,Bimbo,175.92,160
S118,Vinagre Nestle 2117,6302487404,Bebidas,2028-09-13,Nestle,182.42,121
S119,Sopa Colgate 2118,9791078261,Panaderia,2026-03-09,Colgate,175.45,153
S120,Pasta Ariel 2119,0985610598,Carnes,2028-11-09,Ariel,26.08,11
S121,Leche Palmolive 2120,3352443640,Limpieza,2026-05-06,Palmolive,160.34,311
S122,Arroz Del Monte 2121,6206586821,Cuidado Personal,2027-07-27,Del Monte,88.52,336
S123,Frijol Maggi 2122,7364741992,Aceites,2027-03-19,Maggi,99.87,114
S124,Pan Kelloggs 2123,7640739508,Condimentos,2027-07-16,Kelloggs,147.49,449
S125,Jugo Pringles 2124,1149647175,Endulzantes,2027-09-07,Pringles,55.80,453
S126,Jabon Coca Cola 2125,4219557551,Frutas,2026-10-14,Coca Cola,66.08,47
S127,Shampoo Pepsi 2126,1196329883,Verduras,2028-04-10,Pepsi,43.11,249
S128,Aceite Lay's 2127,5224415377,Congelados,2027-10-27,Lay's,44.51,184
S129,Azucar Knorr 2128,1251223165,Snacks,2027-01-21,Knorr,64.60,338
S130,Sal McCormick 2129,6661434753,Cereales,2028-05-25,McCormick,42.90,263
S131,Cafe Dos Pinos 2130,7270672454,Lacteos,2028-12-23,Dos Pinos,199.36,450
S132,Cereal Bimbo 2131,3440456689,Granos,2026-09-19,Bimbo,133.19,61
S133,Atun Nestle 2132,4447420503,Bebidas,2026-04-14,Nestle,175.03,275
S134,Sardina Colgate 2133,3826579268,Panaderia,2028-01-10,Colgate,103.02,457
S135,Mayonesa Ariel 2134,3770607102,Carnes,2027-06-02,Ariel,171.24,61
S136,Ketchup Palmolive 2135,7249748289,Limpieza,2027-05-12,Palmolive,200.31,177
S137,Mostaza Del Monte 2136,3556298693,Cuidado Personal,2027-11-17,Del Monte,169.51,388
S138,Vinagre Maggi 2137,9082786564,Aceites,2027-09-13,Maggi,51.28,75
S139,Sopa Kelloggs 2138,1801909811,Condimentos,2028-08-07,Kelloggs,196.77,314
S140,Pasta Pringles 2139,6949493883,Endulzantes,2028-04-12,Pringles,142.15,440
S141,Leche Coca Cola 2140,6059665295,Frutas,2027-01-02,Coca Cola,107.55,19
S142,Arroz Pepsi 2141,0939319325,Verduras,2027-07-14,Pepsi,134.74,309
S143,Frijol Lay's 2142,1339948094,Congelados,2026-02-10,Lay's,22.16,93
S144,Pan Knorr 2143,2720712891,Snacks,2026-05-06,Knorr,121.19,296
S145,Jugo McCormick 2144,3767027648,Cereales,2028-03-01,McCormick,107.41,359
S146,Jabon Dos Pinos 2145,3025681693,Lacteos,2028-11-07,Dos Pinos,158.43,344
S147,Shampoo Bimbo 2146,4591444880,Granos,2026-02-11,Bimbo,44.20,386
S148,Aceite Nestle 2147,2845466600,Bebidas,2027-01-08,Nestle,145.30,194
S149,Azucar Colgate 2148,0882389913,Panaderia,2028-01-02,Colgate,86.62,420
S150,Sal Ariel 2149,4221422160,Carnes,2027-11-22,Ariel,111.63,72
S151,Cafe Palmolive 2150,0796100949,Limpieza,2027-10-16,Palmolive,112.80,54
S152,Cereal Del Monte 2151,7921159061,Cuidado Personal,2027-02-19,Del Monte,47.33,412
S153,Atun Maggi 2152,4391571385,Aceites,2028-05-13,Maggi,92.49,2
S154,Sardina Kelloggs 2153,9154426381,Condimentos,2026-07-24,Kelloggs,135.77,491
S155,Mayonesa Pringles 2154,0970175528,Endulzantes,2028-06-26,Pringles,49.31,81
S156,Ketchup Coca Cola 2155,2911507981,Frutas,2026-06-15,Coca Cola,56.04,442
S157,Mostaza Pepsi 2156,0863895290,Verduras,2027-10-09,Pepsi,193.74,432
S158,Vinagre Lay's 2157,9589826749,Congelados,2027-03-04,Lay's,189.95,340
S159,Sopa Knorr 2158,9262789747,Snacks,2026-01-26,Knorr,121.30,287
S160,Pasta McCormick 2159,0901315532,Cereales,2027-05-18,McCormick,75.20,250
S161,Leche Dos Pinos 2160,6203726450,Lacteos,2028-11-11,Dos Pinos,68.71,281
S162,Arroz Bimbo 2161,5436474296,Granos,2026-07-05,Bimbo,75.99,55
S163,Frijol Nestle 2162,6422529170,Bebidas,2026-05-02,Nestle,149.97,357
S164,Pan Colgate 2163,3288344730,Panaderia,2027-10-12,Colgate,178.40,488
S165,Jugo Ariel 2164,1661356226,Carnes,2026-01-05,Ariel,43.64,91
S166,Jabon Palmolive 2165,2665599192,Limpieza,2026-02-11,Palmolive,150.75,133
S167,Shampoo Del Monte 2166,2196782814,Cuidado Personal,2026-05-16,Del Monte,151.20,437
S168,Aceite Maggi 2167,5618818216,Aceites,2028-12-01,Maggi,46.15,417
S169,Azucar Kelloggs 2168,9119112381,Condimentos,2026-08-07,Kelloggs,56.58,337
S170,Sal Pringles 2169,4298497604,Endulzantes,2026-05-28,Pringles,41.37,404
S171,Cafe Coca Cola 2170,7267108072,Frutas,2028-02-05,Coca Cola,69.48,236
S172,Cereal Pepsi 2171,9732408150,Verduras,2027-11-19,Pepsi,57.02,38
S173,Atun Lay's 2172,7781895317,Congelados,2027-05-13,Lay's,89.70,302
S174,Sardina Knorr 2173,1178658662,Snacks,2026-09-28,Knorr,144.69,109
S175,Mayonesa McCormick 2174,5168817514,Cereales,2027-06-03,McCormick,167.64,201
S176,Ketchup Dos Pinos 2175,8467001042,Lacteos,2028-01-20,Dos Pinos,37.26,486
S177,Mostaza Bimbo 2176,3371400853,Granos,2027-01-08,Bimbo,183.02,74
S178,Vinagre Nestle 2177,4917233209,Bebidas,2028-08-08,Nestle,61.98,364
S179,Sopa Colgate 2178,8522003838,Panaderia,2027-04-26,Colgate,15.53,256
S180,Pasta Ariel 2179,5812344629,Carnes,2028-02-26,Ariel,166.80,138
S181,Leche Palmolive 2180,0286284344,Limpieza,2026-07-24,Palmolive,140.01,368
S182,Arroz Del Monte 2181,3037269822,Cuidado Personal,2026-08-13,Del Monte,24.43,281
S183,Frijol Maggi 2182,5402803034,Aceites,2027-08-08,Maggi,82.44,385
S184,Pan Kelloggs 2183,8153327470,Condimentos,2026-11-08,Kelloggs,118.11,64
S185,Jugo Pringles 2184,7742431465,Endulzantes,2026-03-23,Pringles,127.16,437
S186,Jabon Coca Cola 2185,3994589313,Frutas,2027-08-23,Coca Cola,61.43,79
S187,Shampoo Pepsi 2186,6288278558,Verduras,2028-09-21,Pepsi,44.04,22
S188,Aceite Lay's 2187,1126363597,Congelados,2027-10-24,Lay's,135.07,441
S189,Azucar Knorr 2188,2028219243,Snacks,2026-06-17,Knorr,144.68,453
S190,Sal McCormick 2189,5593624016,Cereales,2028-12-26,McCormick,49.28,478
S191,Cafe Dos Pinos 2190,6033587679,Lacteos,2028-10-09,Dos Pinos,23.92,444
S192,Cereal Bimbo 2191,5935944402,Granos,2026-04-08,Bimbo,204.14,128
S193,Atun Nestle 2192,2298264620,Bebidas,2027-08-07,Nestle,190.17,283
S194,Sardina Colgate 2193,2146543991,Panaderia,2026-03-06,Colgate,145.49,352
S195,Mayonesa Ariel 2194,7201234645,Carnes,2028-02-24,Ariel,41.57,336
S196,Ketchup Palmolive 2195,6261715141,Limpieza,2026-04-27,Palmolive,10.11,353
S197,Mostaza Del Monte 2196,6928358876,Cuidado Personal,2026-07-20,Del Monte,137.21,168
S198,Vinagre Maggi 2197,9658187649,Aceites,2027-02-27,Maggi,171.82,488
S199,Sopa Kelloggs 2198,9796931730,Condimentos,2026-03-14,Kelloggs,166.32,327
S200,Pasta Pringles 2199,6580738473,Endulzantes,2027-03-01,Pringles,85.08,273
S201,Leche Coca Cola 2200,7592277004,Frutas,2027-08-04,Coca Cola,107.04,274
S202,Arroz Pepsi 2201,2159063690,Verduras,2028-02-15,Pepsi,79.19,254
S203,Frijol Lay's 2202,9362973599,Congelados,2026-05-03,Lay's,72.01,139
S204,Pan Knorr 2203,0083731895,Snacks,2027-07-08,Knorr,138.99,484
S205,Jugo McCormick 2204,3027258760,Cereales,2027-12-07,McCormick,110.80,233
S206,Jabon Dos Pinos 2205,7078585222,Lacteos,2028-04-05,Dos Pinos,41.13,203
S207,Shampoo Bimbo 2206,2800279386,Granos,2028-12-28,Bimbo,118.82,187
S208,Aceite Nestle 2207,1218593508,Bebidas,2027-11-21,Nestle,181.82,323
S209,Azucar Colgate 2208,4689301333,Panaderia,2028-03-08,Colgate,18.52,429
S210,Sal Ariel 2209,8884968807,Carnes,2028-12-11,Ariel,182.41,337
S211,Cafe Palmolive 2210,9193305131,Limpieza,2026-12-17,Palmolive,64.97,98
S212,Cereal Del Monte 2211,1464526398,Cuidado Personal,2028-08-07,Del Monte,114.94,24
S213,Atun Maggi 2212,6825148011,Aceites,2026-12-20,Maggi,129.53,78
S214,Sardina Kelloggs 2213,4972984119,Condimentos,2027-12-03,Kelloggs,153.62,266
S215,Mayonesa Pringles 2214,1384120088,Endulzantes,2026-07-18,Pringles,149.97,251
S216,Ketchup Coca Cola 2215,5219655242,Frutas,2027-09-26,Coca Cola,172.30,284
S217,Mostaza Pepsi 2216,2272625768,Verduras,2028-07-11,Pepsi,180.26,300
S218,Vinagre Lay's 2217,1695857721,Congelados,2027-11-24,Lay's,143.83,473
S219,Sopa Knorr 2218,9374482252,Snacks,2026-11-10,Knorr,9.03,380
S220,Pasta McCormick 2219,1230559111,Cereales,2028-03-21,McCormick,192.81,66
S221,Leche Dos Pinos 2220,1574258907,Lacteos,2027-07-28,Dos Pinos,141.56,191
S222,Arroz Bimbo 2221,8559176021,Granos,2028-08-04,Bimbo,104.15,392
S223,Frijol Nestle 2222,1100242121,Bebidas,2027-11-23,Nestle,182.49,122
S224,Pan Colgate 2223,0725062438,Panaderia,2026-10-13,Colgate,175.46,55
S225,Jugo Ariel 2224,5254231178,Carnes,2028-02-21,Ariel,109.97,226
S226,Jabon Palmolive 2225,2115137124,Limpieza,2028-02-12,Palmolive,10.23,361
S227,Shampoo Del Monte 2226,3248566927,Cuidado Personal,2026-04-02,Del Monte,161.34,212
S228,Aceite Maggi 2227,9059378962,Aceites,2026-08-23,Maggi,170.77,18
S229,Azucar Kelloggs 2228,1494243100,Condimentos,2028-12-15,Kelloggs,136.46,69
S230,Sal Pringles 2229,6853055941,Endulzantes,2027-08-03,Pringles,6.66,78
S231,Cafe Coca Cola 2230,1320146862,Frutas,2026-06-11,Coca Cola,16.17,310
S232,Cereal Pepsi 2231,6844366489,Verduras,2026-03-17,Pepsi,10.65,445
S233,Atun Lay's 2232,0911380763,Congelados,2027-06-09,Lay's,195.85,346
S234,Sardina Knorr 2233,0004702234,Snacks,2027-11-23,Knorr,48.44,472
S235,Mayonesa McCormick 2234,8134060635,Cereales,2026-07-04,McCormick,13.23,419
S236,Ketchup Dos Pinos 2235,2132792984,Lacteos,2026-08-10,Dos Pinos,35.14,116
S237,Mostaza Bimbo 2236,0499840315,Granos,2028-12-09,Bimbo,180.93,418
S238,Vinagre Nestle 2237,8618695332,Bebidas,2028-09-01,Nestle,23.81,48
S239,Sopa Colgate 2238,9711644646,Panaderia,2028-11-02,Colgate,65.28,69
S240,Pasta Ariel 2239,4526146120,Carnes,2027-10-10,Ariel,48.27,134
S241,Leche Palmolive 2240,9591972733,Limpieza,2027-11-27,Palmolive,90.74,189
S242,Arroz Del Monte 2241,8903740224,Cuidado Personal,2028-04-14,Del Monte,148.72,333
S243,Frijol Maggi 2242,1220419839,Aceites,2028-05-07,Maggi,30.19,421
S244,Pan Kelloggs 2243,9113951135,Condimentos,2026-05-26,Kelloggs,18.84,236
S245,Jugo Pringles 2244,6208854051,Endulzantes,2026-02-23,Pringles,138.70,271
S246,Jabon Coca Cola 2245,3120177533,Frutas,2027-12-02,Coca Cola,158.58,410
S247,Shampoo Pepsi 2246,9668532331,Verduras,2027-11-10,Pepsi,188.84,452
S248,Aceite Lay's 2247,7970260480,Congelados,2028-12-25,Lay's,70.51,114
S249,Azucar Knorr 2248,7862605975,Snacks,2028-07-12,Knorr,138.85,432
S250,Sal McCormick 2249,4584412036,Cereales,2027-01-14,McCormick,184.21,41
S251,Cafe Dos Pinos 2250,5088233677,Lacteos,2026-06-28,Dos Pinos,54.52,6
S252,Cereal Bimbo 2251,9911602895,Granos,2027-04-11,Bimbo,162.11,268
S253,Atun Nestle 2252,3626776604,Bebidas,2026-02-07,Nestle,101.19,163
S254,Sardina Colgate 2253,5280386388,Panaderia,2028-07-10,Colgate,95.26,390
S255,Mayonesa Ariel 2254,7886414929,Carnes,2028-01-02,Ariel,86.26,418
S256,Ketchup Palmolive 2255,4225004748,Limpieza,2026-05-13,Palmolive,196.38,366
S257,Mostaza Del Monte 2256,8005828661,Cuidado Personal,2027-01-23,Del Monte,161.19,471
S258,Vinagre Maggi 2257,3488996338,Aceites,2028-07-07,Maggi,177.38,143
S259,Sopa Kelloggs 2258,9237335493,Condimentos,2026-05-09,Kelloggs,32.80,195
S260,Pasta Pringles 2259,1690495841,Endulzantes,2026-07-24,Pringles,139.49,219
S261,Leche Coca Cola 2260,5805688559,Frutas,2026-04-22,Coca Cola,197.07,492
S262,Arroz Pepsi 2261,5915445671,Verduras,2027-07-03,Pepsi,79.79,488
S263,Frijol Lay's 2262,1664198310,Congelados,2027-12-08,Lay's,162.95,65
S264,Pan Knorr 2263,4472062731,Snacks,2026-05-27,Knorr,124.08,230
S265,Jugo McCormick 2264,3393702151,Cereales,2026-05-12,McCormick,188.53,51
S266,Jabon Dos Pinos 2265,5729670185,Lacteos,2028-01-23,Dos Pinos,130.31,358
S267,Shampoo Bimbo 2266,7662623525,Granos,2027-10-06,Bimbo,113.86,421
S268,Aceite Nestle 2267,2704231655,Bebidas,2028-03-08,Nestle,65.32,350
S269,Azucar Colgate 2268,2206183164,Panaderia,2026-05-18,Colgate,50.95,259
S270,Sal Ariel 2269,6045208587,Carnes,2028-10-15,Ariel,66.55,236
S271,Cafe Palmolive 2270,1804388398,Limpieza,2027-11-28,Palmolive,24.77,109
S272,Cereal Del Monte 2271,9613015952,Cuidado Personal,2027-05-02,Del Monte,161.29,350
S273,Atun Maggi 2272,4323601425,Aceites,2027-09-12,Maggi,44.94,473
S274,Sardina Kelloggs 2273,8165267415,Condimentos,2026-06-01,Kelloggs,135.82,437
S275,Mayonesa Pringles 2274,4889450631,Endulzantes,2026-01-18,Pringles,180.02,176
S276,Ketchup Coca Cola 2275,7020204833,Frutas,2027-02-15,Coca Cola,8.99,363
S277,Mostaza Pepsi 2276,6429548289,Verduras,2028-12-21,Pepsi,146.26,425
S278,Vinagre Lay's 2277,4586833064,Congelados,2027-12-13,Lay's,23.59,420
S279,Sopa Knorr 2278,1860547916,Snacks,2028-10-27,Knorr,83.16,170
S280,Pasta McCormick 2279,7787614792,Cereales,2027-11-06,McCormick,181.49,449
S281,Leche Dos Pinos 2280,2982666665,Lacteos,2027-01-27,Dos Pinos,61.16,256
S282,Arroz Bimbo 2281,8321154222,Granos,2026-08-11,Bimbo,159.17,295
S283,Frijol Nestle 2282,9529723471,Bebidas,2026-09-02,Nestle,31.23,384
S284,Pan Colgate 2283,3743310737,Panaderia,2027-08-03,Colgate,117.65,259
S285,Jugo Ariel 2284,0005991976,Carnes,2026-11-09,Ariel,145.71,136
S286,Jabon Palmolive 2285,9882803463,Limpieza,2026-01-23,Palmolive,198.35,152
S287,Shampoo Del Monte 2286,5690170713,Cuidado Personal,2026-09-25,Del Monte,86.98,225
S288,Aceite Maggi 2287,6301634774,Aceites,2027-08-04,Maggi,167.69,302
S289,Azucar Kelloggs 2288,9787307371,Condimentos,2027-07-24,Kelloggs,38.19,296
S290,Sal Pringles 2289,0398589724,Endulzantes,2028-05-11,Pringles,43.59,93
S291,Cafe Coca Cola 2290,8529997804,Frutas,2027-08-22,Coca Cola,7.35,174
S292,Cereal Pepsi 2291,3279045240,Verduras,2026-12-14,Pepsi,164.19,67
S293,Atun Lay's 2292,1326548187,Congelados,2028-05-21,Lay's,174.03,24
S294,Sardina Knorr 2293,6658369548,Snacks,2027-12-24,Knorr,13.87,214
S295,Mayonesa McCormick 2294,2072793354,Cereales,2027-09-02,McCormick,113.70,437
S296,Ketchup Dos Pinos 2295,3749970829,Lacteos,2028-10-17,Dos Pinos,125.13,394
S297,Mostaza Bimbo 2296,4672356845,Granos,2028-02-20,Bimbo,49.55,139
S298,Vinagre Nestle 2297,2322031233,Bebidas,2027-09-12,Nestle,22.87,492
S299,Sopa Colgate 2298,1675103780,Panaderia,2028-05-04,Colgate,86.58,192
S300,Pasta Ariel 2299,7565600685,Carnes,2028-08-10,Ariel,146.37,358
S301,Leche Palmolive 2300,0196336933,Limpieza,2028-09-07,Palmolive,168.12,189
S302,Arroz Del Monte 2301,3697962325,Cuidado Personal,2028-10-05,Del Monte,155.31,451
S303,Frijol Maggi 2302,0622206040,Aceites,2026-05-13,Maggi,27.33,131
S304,Pan Kelloggs 2303,0962020504,Condimentos,2028-09-17,Kelloggs,113.52,229
S305,Jugo Pringles 2304,2704778200,Endulzantes,2027-06-07,Pringles,51.05,217
S306,Jabon Coca Cola 2305,9010155018,Frutas,2026-09-03,Coca Cola,91.45,121
S307,Shampoo Pepsi 2306,2321034782,Verduras,2028-03-09,Pepsi,104.12,251
S308,Aceite Lay's 2307,2499906993,Congelados,2026-02-09,Lay's,180.81,314
S309,Azucar Knorr 2308,6369092156,Snacks,2027-06-18,Knorr,11.35,205
S310,Sal McCormick 2309,3138582145,Cereales,2028-05-25,McCormick,28.38,157
S311,Cafe Dos Pinos 2310,5294727680,Lacteos,2026-10-26,Dos Pinos,20.52,272
S312,Cereal Bimbo 2311,4967024453,Granos,2028-03-12,Bimbo,121.57,498
S313,Atun Nestle 2312,0646883114,Bebidas,2026-11-09,Nestle,137.63,377
S314,Sardina Colgate 2313,5441746415,Panaderia,2028-12-04,Colgate,192.20,128
S315,Mayonesa Ariel 2314,0855787785,Carnes,2028-05-26,Ariel,53.78,296
S316,Ketchup Palmolive 2315,6523780358,Limpieza,2026-05-13,Palmolive,196.70,37
S317,Mostaza Del Monte 2316,4742552847,Cuidado Personal,2027-08-09,Del Monte,61.61,141
S318,Vinagre Maggi 2317,3098110806,Aceites,2028-06-15,Maggi,167.26,495
S319,Sopa Kelloggs 2318,8448382910,Condimentos,2027-03-26,Kelloggs,155.84,249
S320,Pasta Pringles 2319,6941849052,Endulzantes,2027-05-10,Pringles,47.73,385
S321,Leche Coca Cola 2320,4573147496,Frutas,2026-02-22,Coca Cola,140.57,191
S322,Arroz Pepsi 2321,6515111197,Verduras,2026-03-15,Pepsi,128.59,186
S323,Frijol Lay's 2322,7964124282,Congelados,2027-08-04,Lay's,110.87,489
S324,Pan Knorr 2323,8888570909,Snacks,2026-07-12,Knorr,172.94,46
S325,Jugo McCormick 2324,6404356585,Cereales,2026-06-21,McCormick,126.65,492
S326,Jabon Dos Pinos 2325,5250181982,Lacteos,2027-07-07,Dos Pinos,114.23,238
S327,Shampoo Bimbo 2326,2272399411,Granos,2027-08-15,Bimbo,11.49,216
S328,Aceite Nestle 2327,0149336606,Bebidas,2027-07-09,Nestle,13.07,432
S329,Azucar Colgate 2328,8149630258,Panaderia,2026-08-21,Colgate,148.08,11
S330,Sal Ariel 2329,8598050121,Carnes,2027-01-27,Ariel,40.46,247
S331,Cafe Palmolive 2330,3038670654,Limpieza,2027-10-09,Palmolive,191.76,233
S332,Cereal Del Monte 2331,1223576424,Cuidado Personal,2027-05-04,Del Monte,174.52,89
S333,Atun Maggi 2332,4534754876,Aceites,2028-07-17,Maggi,52.17,226
S334,Sardina Kelloggs 2333,0578320995,Condimentos,2026-02-21,Kelloggs,31.58,396
S335,Mayonesa Pringles 2334,2076238601,Endulzantes,2027-01-23,Pringles,16.62,61
S336,Ketchup Coca Cola 2335,9169070766,Frutas,2028-12-07,Coca Cola,29.03,318
S337,Mostaza Pepsi 2336,9085935303,Verduras,2027-12-15,Pepsi,201.61,429
S338,Vinagre Lay's 2337,7988671353,Congelados,2026-02-26,Lay's,138.71,301
S339,Sopa Knorr 2338,8781848446,Snacks,2027-11-19,Knorr,15.43,280
S340,Pasta McCormick 2339,0422567269,Cereales,2026-05-24,McCormick,95.05,471
S341,Leche Dos Pinos 2340,7164377031,Lacteos,2028-07-01,Dos Pinos,182.45,342
S342,Arroz Bimbo 2341,0039563538,Granos,2027-12-16,Bimbo,181.10,146
S343,Frijol Nestle 2342,5149350994,Bebidas,2026-10-07,Nestle,155.24,233
S344,Pan Colgate 2343,6834270034,Panaderia,2027-07-08,Colgate,158.31,56
S345,Jugo Ariel 2344,3048686467,Carnes,2027-07-18,Ariel,154.95,45
S346,Jabon Palmolive 2345,0009726408,Limpieza,2026-12-20,Palmolive,74.72,353
S347,Shampoo Del Monte 2346,7078638697,Cuidado Personal,2027-04-13,Del Monte,54.57,59
S348,Aceite Maggi 2347,3427258231,Aceites,2028-05-06,Maggi,39.73,368
S349,Azucar Kelloggs 2348,0812388820,Condimentos,2028-10-07,Kelloggs,82.93,454
S350,Sal Pringles 2349,9626703256,Endulzantes,2028-08-23,Pringles,181.48,486
S351,Cafe Coca Cola 2350,0392951376,Frutas,2027-12-18,Coca Cola,108.91,337
S352,Cereal Pepsi 2351,3120774130,Verduras,2028-04-25,Pepsi,117.46,355
S353,Atun Lay's 2352,8116976978,Congelados,2026-12-01,Lay's,85.05,500
S354,Sardina Knorr 2353,5000494327,Snacks,2026-07-18,Knorr,141.36,321
S355,Mayonesa McCormick 2354,0669632037,Cereales,2028-03-19,McCormick,145.34,418
S356,Ketchup Dos Pinos 2355,1654745964,Lacteos,2028-11-15,Dos Pinos,99.68,313
S357,Mostaza Bimbo 2356,3180999668,Granos,2026-10-24,Bimbo,196.45,491
S358,Vinagre Nestle 2357,0728815064,Bebidas,2026-12-01,Nestle,64.04,114
S359,Sopa Colgate 2358,6171959285,Panaderia,2026-06-18,Colgate,27.75,71
S360,Pasta Ariel 2359,2126240038,Carnes,2028-03-15,Ariel,65.71,150
S361,Leche Palmolive 2360,8083181491,Limpieza,2027-12-11,Palmolive,200.91,310
S362,Arroz Del Monte 2361,7380836452,Cuidado Personal,2028-09-08,Del Monte,54.49,319
S363,Frijol Maggi 2362,2818894989,Aceites,2028-12-04,Maggi,13.67,20
S364,Pan Kelloggs 2363,0847577129,Condimentos,2026-05-19,Kelloggs,61.84,351
S365,Jugo Pringles 2364,2255769942,Endulzantes,2027-09-23,Pringles,92.12,452
S366,Jabon Coca Cola 2365,9016582612,Frutas,2027-11-20,Coca Cola,69.29,63
S367,Shampoo Pepsi 2366,4561606571,Verduras,2028-04-28,Pepsi,128.83,13
S368,Aceite Lay's 2367,7428302590,Congelados,2028-12-08,Lay's,14.10,235
S369,Azucar Knorr 2368,4447193600,Snacks,2027-03-27,Knorr,185.40,456
S370,Sal McCormick 2369,5044920260,Cereales,2028-06-13,McCormick,116.99,170
S371,Cafe Dos Pinos 2370,7722790398,Lacteos,2027-11-22,Dos Pinos,28.39,316
S372,Cereal Bimbo 2371,7914123050,Granos,2028-06-23,Bimbo,73.34,92
S373,Atun Nestle 2372,3106253021,Bebidas,2027-02-12,Nestle,66.10,121
S374,Sardina Colgate 2373,1248240919,Panaderia,2028-09-08,Colgate,77.79,431
S375,Mayonesa Ariel 2374,2234159846,Carnes,2028-03-10,Ariel,153.99,389
S376,Ketchup Palmolive 2375,0595583359,Limpieza,2028-08-01,Palmolive,128.05,58
S377,Mostaza Del Monte 2376,7370040664,Cuidado Personal,2027-10-17,Del Monte,153.44,468
S378,Vinagre Maggi 2377,7731338870,Aceites,2026-05-25,Maggi,114.09,149
S379,Sopa Kelloggs 2378,6973539974,Condimentos,2026-04-27,Kelloggs,9.47,42
S380,Pasta Pringles 2379,6917876372,Endulzantes,2028-04-09,Pringles,83.94,14
S381,Leche Coca Cola 2380,5175995207,Frutas,2027-08-05,Coca Cola,85.54,191
S382,Arroz Pepsi 2381,9981338718,Verduras,2027-08-19,Pepsi,190.31,335
S383,Frijol Lay's 2382,3476671261,Congelados,2028-08-28,Lay's,60.12,165
S384,Pan Knorr 2383,1090803349,Snacks,2027-08-18,Knorr,177.37,138
S385,Jugo McCormick 2384,3758979258,Cereales,2028-03-18,McCormick,33.89,185
S386,Jabon Dos Pinos 2385,3446241173,Lacteos,2027-06-28,Dos Pinos,100.76,219
S387,Shampoo Bimbo 2386,7781268733,Granos,2027-06-22,Bimbo,17.65,43
S388,Aceite Nestle 2387,9454519120,Bebidas,2026-12-26,Nestle,33.06,457
S389,Azucar Colgate 2388,2987649016,Panaderia,2028-11-04,Colgate,19.27,78
S390,Sal Ariel 2389,4622114731,Carnes,2026-06-28,Ariel,79.61,25
S391,Cafe Palmolive 2390,0697475479,Limpieza,2027-04-04,Palmolive,145.08,438
S392,Cereal Del Monte 2391,5066140816,Cuidado Personal,2028-10-05,Del Monte,63.84,167
S393,Atun Maggi 2392,2442901207,Aceites,2026-05-12,Maggi,43.27,108
S394,Sardina Kelloggs 2393,0580557378,Condimentos,2028-01-28,Kelloggs,37.36,372
S395,Mayonesa Pringles 2394,7203824002,Endulzantes,2027-06-01,Pringles,195.48,403
S396,Ketchup Coca Cola 2395,4887172790,Frutas,2026-07-20,Coca Cola,34.12,214
S397,Mostaza Pepsi 2396,1724068230,Verduras,2027-04-24,Pepsi,199.30,348
S398,Vinagre Lay's 2397,1213067655,Congelados,2027-10-23,Lay's,185.21,368
S399,Sopa Knorr 2398,3125041299,Snacks,2028-01-14,Knorr,74.15,54
S400,Pasta McCormick 2399,4038466584,Cereales,2028-01-25,McCormick,68.42,340
S001,Leche Dos Pinos 2400,0083573755,Lacteos,2028-11-08,Dos Pinos,50.47,124
S002,Arroz Bimbo 2401,2759820059,Granos,2028-11-17,Bimbo,110.45,219
S003,Frijol Nestle 2402,0940032151,Bebidas,2028-12-27,Nestle,147.71,160
S004,Pan Colgate 2403,3699511983,Panaderia,2028-05-23,Colgate,67.13,66
S005,Jugo Ariel 2404,0205973059,Carnes,2026-11-03,Ariel,170.45,337
S006,Jabon Palmolive 2405,0799486036,Limpieza,2027-04-08,Palmolive,110.43,491
S007,Shampoo Del Monte 2406,4532931330,Cuidado Personal,2027-08-11,Del Monte,55.01,23
S008,Aceite Maggi 2407,5376390654,Aceites,2026-05-24,Maggi,182.79,486
S009,Azucar Kelloggs 2408,1657110335,Condimentos,2027-10-18,Kelloggs,21.87,459
S010,Sal Pringles 2409,4348683295,Endulzantes,2026-05-08,Pringles,15.14,180
S011,Cafe Coca Cola 2410,0453325439,Frutas,2027-03-03,Coca Cola,119.45,78
S012,Cereal Pepsi 2411,7748962191,Verduras,2027-01-18,Pepsi,189.13,173
S013,Atun Lay's 2412,4611974251,Congelados,2027-04-08,Lay's,181.05,114
S014,Sardina Knorr 2413,9717149855,Snacks,2028-08-05,Knorr,141.40,415
S015,Mayonesa McCormick 2414,8249587949,Cereales,2027-11-07,McCormick,111.43,238
S016,Ketchup Dos Pinos 2415,0679806704,Lacteos,2026-05-07,Dos Pinos,65.45,412
S017,Mostaza Bimbo 2416,4528977178,Granos,2028-09-05,Bimbo,87.76,489
S018,Vinagre Nestle 2417,6623978012,Bebidas,2027-08-06,Nestle,54.40,355
S019,Sopa Colgate 2418,5683702463,Panaderia,2026-03-08,Colgate,177.46,340
S020,Pasta Ariel 2419,1282370454,Carnes,2028-08-24,Ariel,135.70,447
S021,Leche Palmolive 2420,6448084605,Limpieza,2028-01-25,Palmolive,167.14,158
S022,Arroz Del Monte 2421,8150425269,Cuidado Personal,2026-05-06,Del Monte,116.17,219
S023,Frijol Maggi 2422,8643426933,Aceites,2027-03-10,Maggi,54.51,264
S024,Pan Kelloggs 2423,7991522267,Condimentos,2027-03-18,Kelloggs,56.11,230
S025,Jugo Pringles 2424,3434558008,Endulzantes,2027-05-14,Pringles,27.79,415
S026,Jabon Coca Cola 2425,5904641238,Frutas,2026-06-16,Coca Cola,139.44,136
S027,Shampoo Pepsi 2426,2790768836,Verduras,2026-04-20,Pepsi,13.03,75
S028,Aceite Lay's 2427,7604530999,Congelados,2028-12-17,Lay's,152.75,150
S029,Azucar Knorr 2428,2686929408,Snacks,2027-10-10,Knorr,14.09,118
S030,Sal McCormick 2429,2796416834,Cereales,2028-12-10,McCormick,23.54,318
S031,Cafe Dos Pinos 2430,1192627564,Lacteos,2028-12-05,Dos Pinos,146.89,3
S032,Cereal Bimbo 2431,2058534416,Granos,2026-01-16,Bimbo,41.42,205
S033,Atun Nestle 2432,1608959960,Bebidas,2028-07-19,Nestle,116.40,215
S034,Sardina Colgate 2433,5597316291,Panaderia,2027-09-05,Colgate,88.98,492
S035,Mayonesa Ariel 2434,0206898780,Carnes,2027-02-14,Ariel,164.36,474
S036,Ketchup Palmolive 2435,7292181255,Limpieza,2027-11-10,Palmolive,58.52,106
S037,Mostaza Del Monte 2436,7396743544,Cuidado Personal,2026-01-14,Del Monte,75.18,336
S038,Vinagre Maggi 2437,6394412624,Aceites,2028-01-07,Maggi,39.60,9
S039,Sopa Kelloggs 2438,2630698417,Condimentos,2028-10-01,Kelloggs,5.26,189
S040,Pasta Pringles 2439,5539119787,Endulzantes,2028-07-28,Pringles,40.62,141
S041,Leche Coca Cola 2440,6742994878,Frutas,2027-10-26,Coca Cola,60.74,433
S042,Arroz Pepsi 2441,5649425848,Verduras,2027-06-25,Pepsi,158.37,315
S043,Frijol Lay's 2442,3122875810,Congelados,2026-10-08,Lay's,112.68,87
S044,Pan Knorr 2443,3215034751,Snacks,2026-05-22,Knorr,104.00,428
S045,Jugo McCormick 2444,8380994298,Cereales,2027-06-22,McCormick,56.47,419
S046,Jabon Dos Pinos 2445,0873949390,Lacteos,2026-04-23,Dos Pinos,201.13,433
S047,Shampoo Bimbo 2446,2948708391,Granos,2028-08-07,Bimbo,106.73,69
S048,Aceite Nestle 2447,9156646344,Bebidas,2028-08-14,Nestle,173.94,297
S049,Azucar Colgate 2448,2494515140,Panaderia,2028-01-16,Colgate,93.40,324
S050,Sal Ariel 2449,6662479743,Carnes,2028-03-10,Ariel,83.50,188
S051,Cafe Palmolive 2450,9797139935,Limpieza,2028-03-14,Palmolive,103.85,318
S052,Cereal Del Monte 2451,4210837670,Cuidado Personal,2027-06-12,Del Monte,177.68,214
S053,Atun Maggi 2452,6338703442,Aceites,2028-12-02,Maggi,120.25,76
S054,Sardina Kelloggs 2453,0785770098,Condimentos,2028-08-18,Kelloggs,52.43,159
S055,Mayonesa Pringles 2454,8422232708,Endulzantes,2026-05-14,Pringles,116.20,90
S056,Ketchup Coca Cola 2455,9672763338,Frutas,2027-06-24,Coca Cola,41.47,443
S057,Mostaza Pepsi 2456,2508865537,Verduras,2027-10-28,Pepsi,61.19,387
S058,Vinagre Lay's 2457,6988296378,Congelados,2026-05-04,Lay's,73.61,347
S059,Sopa Knorr 2458,2841880481,Snacks,2028-08-06,Knorr,22.37,286
S060,Pasta McCormick 2459,3699694051,Cereales,2028-03-15,McCormick,98.14,231
S061,Leche Dos Pinos 2460,8715393401,Lacteos,2028-04-20,Dos Pinos,124.21,138
S062,Arroz Bimbo 2461,7968244373,Granos,2028-06-22,Bimbo,111.96,207
S063,Frijol Nestle 2462,6616468036,Bebidas,2026-12-26,Nestle,34.28,286
S064,Pan Colgate 2463,0611745951,Panaderia,2026-06-18,Colgate,95.83,311
S065,Jugo Ariel 2464,2354978413,Carnes,2028-08-09,Ariel,144.40,345
S066,Jabon Palmolive 2465,3722665248,Limpieza,2026-02-28,Palmolive,134.45,192
S067,Shampoo Del Monte 2466,6439119948,Cuidado Personal,2028-06-26,Del Monte,192.92,457
S068,Aceite Maggi 2467,1930572038,Aceites,2026-11-17,Maggi,112.63,420
S069,Azucar Kelloggs 2468,5933402449,Condimentos,2026-06-05,Kelloggs,130.82,187
S070,Sal Pringles 2469,0904925694,Endulzantes,2026-05-08,Pringles,198.87,425
S071,Cafe Coca Cola 2470,0617384226,Frutas,2027-06-08,Coca Cola,149.82,245
S072,Cereal Pepsi 2471,3801011193,Verduras,2028-04-12,Pepsi,27.97,371
S073,Atun Lay's 2472,9511060149,Congelados,2026-03-11,Lay's,50.80,393
S074,Sardina Knorr 2473,1910055470,Snacks,2026-08-14,Knorr,173.40,55
S075,Mayonesa McCormick 2474,8725213330,Cereales,2026-07-11,McCormick,194.67,267
S076,Ketchup Dos Pinos 2475,0402971161,Lacteos,2027-11-10,Dos Pinos,203.84,260
S077,Mostaza Bimbo 2476,1665204448,Granos,2028-08-20,Bimbo,104.69,365
S078,Vinagre Nestle 2477,7200956521,Bebidas,2026-12-06,Nestle,19.84,240
S079,Sopa Colgate 2478,0298104721,Panaderia,2026-05-22,Colgate,195.73,15
S080,Pasta Ariel 2479,2398632058,Carnes,2026-04-08,Ariel,175.10,334
S081,Leche Palmolive 2480,1952482046,Limpieza,2027-02-14,Palmolive,133.14,225
S082,Arroz Del Monte 2481,6996240902,Cuidado Personal,2027-11-13,Del Monte,72.79,341
S083,Frijol Maggi 2482,7867304523,Aceites,2028-03-04,Maggi,93.41,182
S084,Pan Kelloggs 2483,2511577418,Condimentos,2028-02-20,Kelloggs,65.95,469
S085,Jugo Pringles 2484,6932946938,Endulzantes,2027-08-14,Pringles,66.62,307
S086,Jabon Coca Cola 2485,8542420861,Frutas,2026-12-22,Coca Cola,14.65,498
S087,Shampoo Pepsi 2486,2720165426,Verduras,2026-12-05,Pepsi,6.08,282
S088,Aceite Lay's 2487,4725522301,Congelados,2027-01-16,Lay's,12.26,361
S089,Azucar Knorr 2488,6305974073,Snacks,2027-10-06,Knorr,156.75,305
S090,Sal McCormick 2489,4635678370,Cereales,2026-09-15,McCormick,95.13,245
S091,Cafe Dos Pinos 2490,6857881666,Lacteos,2026-09-22,Dos Pinos,89.97,151
S092,Cereal Bimbo 2491,2587246946,Granos,2028-06-11,Bimbo,61.19,406
S093,Atun Nestle 2492,6318316675,Bebidas,2028-10-10,Nestle,95.21,289
S094,Sardina Colgate 2493,3612262288,Panaderia,2028-02-03,Colgate,8.31,479
S095,Mayonesa Ariel 2494,3651172899,Carnes,2027-09-24,Ariel,35.03,380
S096,Ketchup Palmolive 2495,4334484359,Limpieza,2028-11-04,Palmolive,147.59,147
S097,Mostaza Del Monte 2496,6678251555,Cuidado Personal,2028-06-05,Del Monte,120.82,215
S098,Vinagre Maggi 2497,9442234235,Aceites,2027-08-01,Maggi,182.41,276
S099,Sopa Kelloggs 2498,3467011891,Condimentos,2028-08-04,Kelloggs,50.09,439
S100,Pasta Pringles 2499,0360182217,Endulzantes,2026-12-11,Pringles,43.19,383
S101,Leche Coca Cola 2500,5811526849,Frutas,2028-03-19,Coca Cola,20.81,211
S102,Arroz Pepsi 2501,8735902702,Verduras,2026-10-21,Pepsi,137.00,48
S103,Frijol Lay's 2502,0782372314,Congelados,2027-07-04,Lay's,155.23,355
S104,Pan Knorr 2503,2819982612,Snacks,2028-11-09,Knorr,62.74,9
S105,Jugo McCormick 2504,2300639341,Cereales,2026-01-13,McCormick,165.77,62
S106,Jabon Dos Pinos 2505,8640078074,Lacteos,2027-08-09,Dos Pinos,71.56,348
S107,Shampoo Bimbo 2506,0481916427,Granos,2028-06-23,Bimbo,35.54,219
S108,Aceite Nestle 2507,3571757863,Bebidas,2027-07-19,Nestle,184.32,323
S109,Azucar Colgate 2508,6541320442,Panaderia,2026-04-03,Colgate,65.08,439
S110,Sal Ariel 2509,4098605749,Carnes,2028-03-15,Ariel,57.55,24
S111,Cafe Palmolive 2510,6753984858,Limpieza,2028-08-22,Palmolive,80.43,346
S112,Cereal Del Monte 2511,1104096076,Cuidado Personal,2027-07-28,Del Monte,9.59,200
S113,Atun Maggi 2512,2326496104,Aceites,2027-03-04,Maggi,91.85,292
S114,Sardina Kelloggs 2513,3577216997,Condimentos,2026-06-15,Kelloggs,71.73,39
S115,Mayonesa Pringles 2514,7080953691,Endulzantes,2028-09-05,Pringles,142.84,92
S116,Ketchup Coca Cola 2515,5705794840,Frutas,2028-04-20,Coca Cola,131.67,9
S117,Mostaza Pepsi 2516,1548247665,Verduras,2026-12-12,Pepsi,164.64,101
S118,Vinagre Lay's 2517,4911508608,Congelados,2027-08-06,Lay's,144.75,472
S119,Sopa Knorr 2518,1645280989,Snacks,2027-10-13,Knorr,81.71,500
S120,Pasta McCormick 2519,7700659136,Cereales,2028-01-14,McCormick,29.10,147
S121,Leche Dos Pinos 2520,2892292138,Lacteos,2027-12-06,Dos Pinos,135.58,129
S122,Arroz Bimbo 2521,4278071832,Granos,2027-08-05,Bimbo,173.53,173
S123,Frijol Nestle 2522,5382908697,Bebidas,2027-01-19,Nestle,77.43,297
S124,Pan Colgate 2523,4568481865,Panaderia,2028-01-22,Colgate,199.73,51
S125,Jugo Ariel 2524,3410500070,Carnes,2027-02-10,Ariel,34.28,373
S126,Jabon Palmolive 2525,7475532408,Limpieza,2027-03-13,Palmolive,30.29,353
S127,Shampoo Del Monte 2526,2059223752,Cuidado Personal,2026-01-12,Del Monte,67.17,363
S128,Aceite Maggi 2527,6072652472,Aceites,2027-03-07,Maggi,108.48,112
S129,Azucar Kelloggs 2528,4404680384,Condimentos,2027-04-28,Kelloggs,94.61,438
S130,Sal Pringles 2529,4499451035,Endulzantes,2026-12-26,Pringles,172.83,142
S131,Cafe Coca Cola 2530,4289501449,Frutas,2027-05-19,Coca Cola,95.26,50
S132,Cereal Pepsi 2531,3949090367,Verduras,2028-01-13,Pepsi,49.47,88
S133,Atun Lay's 2532,4015165276,Congelados,2028-03-08,Lay's,142.54,132
S134,Sardina Knorr 2533,7057561160,Snacks,2026-05-22,Knorr,180.58,213
S135,Mayonesa McCormick 2534,7591352871,Cereales,2028-03-19,McCormick,141.81,39
S136,Ketchup Dos Pinos 2535,2165387134,Lacteos,2027-12-17,Dos Pinos,5.40,96
S137,Mostaza Bimbo 2536,0776631017,Granos,2026-10-02,Bimbo,70.65,115
S138,Vinagre Nestle 2537,8188100165,Bebidas,2026-12-17,Nestle,183.87,407
S139,Sopa Colgate 2538,2441602671,Panaderia,2026-02-15,Colgate,124.23,359
S140,Pasta Ariel 2539,7106681786,Carnes,2028-09-12,Ariel,170.46,168
S141,Leche Palmolive 2540,4098823204,Limpieza,2027-04-06,Palmolive,116.29,103
S142,Arroz Del Monte 2541,5218580279,Cuidado Personal,2028-11-10,Del Monte,28.66,472
S143,Frijol Maggi 2542,4916996437,Aceites,2028-09-22,Maggi,57.62,304
S144,Pan Kelloggs 2543,7495520844,Condimentos,2028-01-23,Kelloggs,155.44,457
S145,Jugo Pringles 2544,8041350647,Endulzantes,2026-03-16,Pringles,44.29,343
S146,Jabon Coca Cola 2545,2378261971,Frutas,2026-05-01,Coca Cola,5.46,218
S147,Shampoo Pepsi 2546,5000305359,Verduras,2027-01-17,Pepsi,167.77,296
S148,Aceite Lay's 2547,1834777193,Congelados,2027-01-09,Lay's,76.12,94
S149,Azucar Knorr 2548,2656027141,Snacks,2026-08-03,Knorr,148.31,57
S150,Sal McCormick 2549,3506610117,Cereales,2028-01-24,McCormick,161.89,197
S151,Cafe Dos Pinos 2550,7302972642,Lacteos,2028-09-11,Dos Pinos,65.92,320
S152,Cereal Bimbo 2551,6470819461,Granos,2026-11-12,Bimbo,118.49,359
S153,Atun Nestle 2552,7738020047,Bebidas,2026-03-11,Nestle,46.43,246
S154,Sardina Colgate 2553,7689834982,Panaderia,2026-12-03,Colgate,36.86,252
S155,Mayonesa Ariel 2554,7888101476,Carnes,2026-07-15,Ariel,189.94,192
S156,Ketchup Palmolive 2555,5884273609,Limpieza,2028-04-10,Palmolive,132.02,471
S157,Mostaza Del Monte 2556,8159773877,Cuidado Personal,2027-03-26,Del Monte,13.44,444
S158,Vinagre Maggi 2557,3552380708,Aceites,2028-08-04,Maggi,38.30,1
S159,Sopa Kelloggs 2558,6086901439,Condimentos,2027-07-22,Kelloggs,41.79,323
S160,Pasta Pringles 2559,0316569916,Endulzantes,2026-05-03,Pringles,156.81,228
S161,Leche Coca Cola 2560,5593340911,Frutas,2028-06-16,Coca Cola,103.65,345
S162,Arroz Pepsi 2561,1562187906,Verduras,2028-06-13,Pepsi,114.99,396
S163,Frijol Lay's 2562,9580375036,Congelados,2028-11-16,Lay's,43.30,353
S164,Pan Knorr 2563,1136640480,Snacks,2026-10-12,Knorr,180.61,434
S165,Jugo McCormick 2564,9567635086,Cereales,2026-11-18,McCormick,127.26,229
S166,Jabon Dos Pinos 2565,3261374854,Lacteos,2026-04-04,Dos Pinos,177.85,246
S167,Shampoo Bimbo 2566,9101445278,Granos,2028-06-03,Bimbo,195.68,133
S168,Aceite Nestle 2567,5338297590,Bebidas,2026-02-01,Nestle,172.13,328
S169,Azucar Colgate 2568,6251615341,Panaderia,2026-01-16,Colgate,125.74,192
S170,Sal Ariel 2569,3234071094,Carnes,2026-07-01,Ariel,17.47,222
S171,Cafe Palmolive 2570,7724733686,Limpieza,2027-12-13,Palmolive,159.65,44
S172,Cereal Del Monte 2571,9353919765,Cuidado Personal,2027-06-14,Del Monte,192.43,373
S173,Atun Maggi 2572,1796013707,Aceites,2026-10-15,Maggi,37.79,183
S174,Sardina Kelloggs 2573,4479683806,Condimentos,2028-02-14,Kelloggs,118.51,107
S175,Mayonesa Pringles 2574,4291876881,Endulzantes,2028-05-14,Pringles,79.41,290
S176,Ketchup Coca Cola 2575,4813085106,Frutas,2027-04-02,Coca Cola,125.11,26
S177,Mostaza Pepsi 2576,3889619544,Verduras,2026-05-20,Pepsi,82.28,23
S178,Vinagre Lay's 2577,8397667226,Congelados,2026-05-28,Lay's,116.70,429
S179,Sopa Knorr 2578,4582015869,Snacks,2026-03-20,Knorr,168.86,115
S180,Pasta McCormick 2579,3696727940,Cereales,2027-11-02,McCormick,97.85,433
S181,Leche Dos Pinos 2580,7801160153,Lacteos,2026-04-03,Dos Pinos,127.70,128
S182,Arroz Bimbo 2581,5329441470,Granos,2028-10-26,Bimbo,158.30,298
S183,Frijol Nestle 2582,6717744918,Bebidas,2026-06-15,Nestle,9.12,79
S184,Pan Colgate 2583,9070159260,Panaderia,2026-08-13,Colgate,52.74,290
S185,Jugo Ariel 2584,5465085928,Carnes,2026-02-11,Ariel,51.42,60
S186,Jabon Palmolive 2585,9337417407,Limpieza,2026-11-02,Palmolive,39.70,73
S187,Shampoo Del Monte 2586,8769805220,Cuidado Personal,2027-12-24,Del Monte,38.06,181
S188,Aceite Maggi 2587,7909856895,Aceites,2026-07-23,Maggi,146.34,71
S189,Azucar Kelloggs 2588,0258670865,Condimentos,2027-02-06,Kelloggs,102.02,230
S190,Sal Pringles 2589,6568437085,Endulzantes,2027-10-10,Pringles,79.34,116
S191,Cafe Coca Cola 2590,6096326094,Frutas,2027-12-16,Coca Cola,22.74,148
S192,Cereal Pepsi 2591,2987421520,Verduras,2027-05-03,Pepsi,126.91,335
S193,Atun Lay's 2592,2002918822,Congelados,2027-02-25,Lay's,183.37,67
S194,Sardina Knorr 2593,0855038426,Snacks,2027-10-08,Knorr,52.99,279
S195,Mayonesa McCormick 2594,1383493324,Cereales,2026-05-03,McCormick,193.14,52
S196,Ketchup Dos Pinos 2595,8542641865,Lacteos,2027-05-21,Dos Pinos,194.05,377
S197,Mostaza Bimbo 2596,6585809320,Granos,2027-04-12,Bimbo,184.43,292
S198,Vinagre Nestle 2597,0553175330,Bebidas,2028-09-28,Nestle,72.25,248
S199,Sopa Colgate 2598,6376995243,Panaderia,2027-09-28,Colgate,131.41,275
S200,Pasta Ariel 2599,7464793651,Carnes,2027-07-14,Ariel,170.75,142
S201,Leche Palmolive 2600,5783004464,Limpieza,2026-11-19,Palmolive,149.83,298
S202,Arroz Del Monte 2601,1077486242,Cuidado Personal,2028-07-24,Del Monte,29.92,218
S203,Frijol Maggi 2602,9457562743,Aceites,2028-02-20,Maggi,27.99,54
S204,Pan Kelloggs 2603,9458230039,Condimentos,2026-12-13,Kelloggs,47.97,110
S205,Jugo Pringles 2604,1992523864,Endulzantes,2026-03-21,Pringles,29.04,404
S206,Jabon Coca Cola 2605,8719305594,Frutas,2028-07-23,Coca Cola,131.24,33
S207,Shampoo Pepsi 2606,0510373127,Verduras,2026-05-06,Pepsi,9.34,453
S208,Aceite Lay's 2607,6665603606,Congelados,2027-11-16,Lay's,156.72,351
S209,Azucar Knorr 2608,4868034531,Snacks,2027-06-09,Knorr,121.22,320
S210,Sal McCormick 2609,1041462549,Cereales,2027-08-14,McCormick,54.25,258
S211,Cafe Dos Pinos 2610,8919373387,Lacteos,2026-02-22,Dos Pinos,86.37,422
S212,Cereal Bimbo 2611,7208175544,Granos,2028-03-10,Bimbo,187.09,196
S213,Atun Nestle 2612,0369661995,Bebidas,2027-03-26,Nestle,192.53,40
S214,Sardina Colgate 2613,1660409141,Panaderia,2027-12-27,Colgate,56.08,492
S215,Mayonesa Ariel 2614,0102502791,Carnes,2027-04-03,Ariel,57.52,116
S216,Ketchup Palmolive 2615,7280084441,Limpieza,2026-08-05,Palmolive,90.56,279
S217,Mostaza Del Monte 2616,1027896952,Cuidado Personal,2026-12-13,Del Monte,124.35,220
S218,Vinagre Maggi 2617,8924817660,Aceites,2027-10-10,Maggi,121.76,152
S219,Sopa Kelloggs 2618,9144164157,Condimentos,2028-10-21,Kelloggs,45.63,432
S220,Pasta Pringles 2619,8177109779,Endulzantes,2028-08-08,Pringles,190.15,359
S221,Leche Coca Cola 2620,3643324212,Frutas,2026-06-18,Coca Cola,28.10,488
S222,Arroz Pepsi 2621,5727625611,Verduras,2026-03-16,Pepsi,188.52,481
S223,Frijol Lay's 2622,0459460864,Congelados,2026-06-14,Lay's,85.45,362
S224,Pan Knorr 2623,6986876411,Snacks,2028-03-21,Knorr,172.83,64
S225,Jugo McCormick 2624,1811802666,Cereales,2027-04-13,McCormick,131.47,378
S226,Jabon Dos Pinos 2625,3470111196,Lacteos,2027-07-21,Dos Pinos,42.71,214
S227,Shampoo Bimbo 2626,9187660831,Granos,2028-03-16,Bimbo,142.25,498
S228,Aceite Nestle 2627,4066440120,Bebidas,2027-10-04,Nestle,185.16,80
S229,Azucar Colgate 2628,4762473056,Panaderia,2027-03-22,Colgate,94.49,275
S230,Sal Ariel 2629,4598009941,Carnes,2028-11-12,Ariel,186.24,303
S231,Cafe Palmolive 2630,8872752912,Limpieza,2026-10-20,Palmolive,53.12,211
S232,Cereal Del Monte 2631,3354209379,Cuidado Personal,2027-12-18,Del Monte,61.70,51
S233,Atun Maggi 2632,4201597131,Aceites,2026-10-04,Maggi,90.62,64
S234,Sardina Kelloggs 2633,0649448068,Condimentos,2026-02-12,Kelloggs,109.74,191
S235,Mayonesa Pringles 2634,8558176169,Endulzantes,2028-03-10,Pringles,18.46,411
S236,Ketchup Coca Cola 2635,6988332368,Frutas,2026-07-27,Coca Cola,131.53,275
S237,Mostaza Pepsi 2636,5735169412,Verduras,2026-07-09,Pepsi,11.87,326
S238,Vinagre Lay's 2637,5762291787,Congelados,2028-07-10,Lay's,164.66,488
S239,Sopa Knorr 2638,4134960989,Snacks,2026-03-10,Knorr,99.49,293
S240,Pasta McCormick 2639,8174293323,Cereales,2026-08-13,McCormick,47.09,212
S241,Leche Dos Pinos 2640,0427209078,Lacteos,2027-05-11,Dos Pinos,110.27,66
S242,Arroz Bimbo 2641,2659919388,Granos,2026-09-03,Bimbo,138.79,57
S243,Frijol Nestle 2642,5750736725,Bebidas,2027-12-23,Nestle,52.35,11
S244,Pan Colgate 2643,7297693676,Panaderia,2027-02-04,Colgate,35.77,411
S245,Jugo Ariel 2644,3406151261,Carnes,2027-07-16,Ariel,86.18,94
S246,Jabon Palmolive 2645,7707901651,Limpieza,2026-06-23,Palmolive,11.37,410
S247,Shampoo Del Monte 2646,3328369461,Cuidado Personal,2027-11-03,Del Monte,42.81,217
S248,Aceite Maggi 2647,6919770968,Aceites,2027-04-01,Maggi,9.80,448
S249,Azucar Kelloggs 2648,3664623114,Condimentos,2026-08-08,Kelloggs,202.82,208
S250,Sal Pringles 2649,8484333704,Endulzantes,2026-08-23,Pringles,146.59,319
S251,Cafe Coca Cola 2650,2874822266,Frutas,2026-11-22,Coca Cola,38.72,147
S252,Cereal Pepsi 2651,9468217594,Verduras,2028-07-28,Pepsi,152.36,251
S253,Atun Lay's 2652,9353632781,Congelados,2028-05-27,Lay's,81.01,487
S254,Sardina Knorr 2653,1915763603,Snacks,2028-06-09,Knorr,176.76,421
S255,Mayonesa McCormick 2654,0306043395,Cereales,2028-01-20,McCormick,125.27,157
S256,Ketchup Dos Pinos 2655,9997268089,Lacteos,2026-10-04,Dos Pinos,138.31,281
S257,Mostaza Bimbo 2656,2742209567,Granos,2026-11-22,Bimbo,126.12,129
S258,Vinagre Nestle 2657,3171384617,Bebidas,2028-12-03,Nestle,195.70,429
S259,Sopa Colgate 2658,8799725090,Panaderia,2026-05-28,Colgate,26.52,177
S260,Pasta Ariel 2659,7294571470,Carnes,2027-09-23,Ariel,117.05,414
S261,Leche Palmolive 2660,2626043080,Limpieza,2028-08-03,Palmolive,123.17,213
S262,Arroz Del Monte 2661,4870168520,Cuidado Personal,2028-05-10,Del Monte,183.40,284
S263,Frijol Maggi 2662,6640944270,Aceites,2027-06-15,Maggi,82.92,93
S264,Pan Kelloggs 2663,8346203899,Condimentos,2027-04-11,Kelloggs,16.72,416
S265,Jugo Pringles 2664,6304494880,Endulzantes,2026-01-17,Pringles,155.75,86
S266,Jabon Coca Cola 2665,6743956904,Frutas,2026-03-27,Coca Cola,70.28,99
S267,Shampoo Pepsi 2666,0589577128,Verduras,2027-07-23,Pepsi,170.85,364
S268,Aceite Lay's 2667,8767603161,Congelados,2027-10-07,Lay's,82.78,282
S269,Azucar Knorr 2668,2811619256,Snacks,2026-06-17,Knorr,185.56,117
S270,Sal McCormick 2669,2490715475,Cereales,2026-07-02,McCormick,52.81,108
S271,Cafe Dos Pinos 2670,4619373707,Lacteos,2028-11-08,Dos Pinos,60.30,409
S272,Cereal Bimbo 2671,5502054420,Granos,2028-03-14,Bimbo,121.36,48
S273,Atun Nestle 2672,8570073043,Bebidas,2028-10-05,Nestle,172.86,189
S274,Sardina Colgate 2673,9363191821,Panaderia,2027-02-22,Colgate,115.86,305
S275,Mayonesa Ariel 2674,9836808811,Carnes,2026-10-01,Ariel,137.70,196
S276,Ketchup Palmolive 2675,5306049903,Limpieza,2028-07-01,Palmolive,124.53,335
S277,Mostaza Del Monte 2676,5787558951,Cuidado Personal,2028-03-10,Del Monte,16.52,470
S278,Vinagre Maggi 2677,4326381688,Aceites,2028-10-11,Maggi,132.84,486
S279,Sopa Kelloggs 2678,4061478050,Condimentos,2028-01-04,Kelloggs,197.93,149
S280,Pasta Pringles 2679,5103797810,Endulzantes,2028-04-28,Pringles,149.97,346
S281,Leche Coca Cola 2680,0159822651,Frutas,2026-05-20,Coca Cola,102.45,45
S282,Arroz Pepsi 2681,2688698663,Verduras,2028-08-25,Pepsi,107.68,391
S283,Frijol Lay's 2682,5678216075,Congelados,2027-03-11,Lay's,115.98,389
S284,Pan Knorr 2683,6131956912,Snacks,2026-02-20,Knorr,19.14,357
S285,Jugo McCormick 2684,3092637096,Cereales,2026-02-23,McCormick,128.80,121
S286,Jabon Dos Pinos 2685,1784710755,Lacteos,2026-09-07,Dos Pinos,49.16,296
S287,Shampoo Bimbo 2686,7922457822,Granos,2026-06-15,Bimbo,165.74,156
S288,Aceite Nestle 2687,9518883889,Bebidas,2027-03-26,Nestle,32.39,476
S289,Azucar Colgate 2688,3584651717,Panaderia,2026-12-09,Colgate,148.66,303
S290,Sal Ariel 2689,3749640373,Carnes,2027-11-21,Ariel,204.72,277
S291,Cafe Palmolive 2690,9301642011,Limpieza,2028-04-23,Palmolive,102.40,461
S292,Cereal Del Monte 2691,1284149665,Cuidado Personal,2026-10-18,Del Monte,134.62,291
S293,Atun Maggi 2692,8496212599,Aceites,2028-03-25,Maggi,74.28,478
S294,Sardina Kelloggs 2693,9512184415,Condimentos,2026-02-07,Kelloggs,155.31,495
S295,Mayonesa Pringles 2694,0170652400,Endulzantes,2027-04-24,Pringles,55.23,234
S296,Ketchup Coca Cola 2695,0118465304,Frutas,2027-11-23,Coca Cola,32.49,320
S297,Mostaza Pepsi 2696,7511758579,Verduras,2027-12-22,Pepsi,96.42,370
S298,Vinagre Lay's 2697,2081364871,Congelados,2028-02-19,Lay's,8.57,381
S299,Sopa Knorr 2698,8273457163,Snacks,2027-03-10,Knorr,97.29,464
S300,Pasta McCormick 2699,4121034056,Cereales,2026-01-12,McCormick,80.78,306
S301,Leche Dos Pinos 2700,0073729204,Lacteos,2027-12-10,Dos Pinos,188.48,300
S302,Arroz Bimbo 2701,2430103950,Granos,2028-12-17,Bimbo,173.36,174
S303,Frijol Nestle 2702,3548114260,Bebidas,2027-09-21,Nestle,117.59,368
S304,Pan Colgate 2703,6528377385,Panaderia,2027-10-25,Colgate,179.23,285
S305,Jugo Ariel 2704,9707757186,Carnes,2028-09-11,Ariel,109.57,436
S306,Jabon Palmolive 2705,7044813729,Limpieza,2027-11-28,Palmolive,128.29,257
S307,Shampoo Del Monte 2706,1067454577,Cuidado Personal,2026-03-27,Del Monte,66.44,447
S308,Aceite Maggi 2707,8456815851,Aceites,2028-05-25,Maggi,178.17,123
S309,Azucar Kelloggs 2708,9890161888,Condimentos,2028-08-07,Kelloggs,8.53,78
S310,Sal Pringles 2709,9712054131,Endulzantes,2026-11-21,Pringles,203.53,421
S311,Cafe Coca Cola 2710,3906555542,Frutas,2028-05-20,Coca Cola,76.34,470
S312,Cereal Pepsi 2711,2348396473,Verduras,2028-06-18,Pepsi,43.03,472
S313,Atun Lay's 2712,6167638203,Congelados,2026-07-10,Lay's,142.19,197
S314,Sardina Knorr 2713,1341936805,Snacks,2026-08-12,Knorr,113.23,464
S315,Mayonesa McCormick 2714,8791761902,Cereales,2028-08-22,McCormick,47.94,359
S316,Ketchup Dos Pinos 2715,4913384771,Lacteos,2028-08-28,Dos Pinos,69.91,44
S317,Mostaza Bimbo 2716,7237579432,Granos,2026-04-09,Bimbo,11.88,203
S318,Vinagre Nestle 2717,4805741574,Bebidas,2026-05-07,Nestle,119.45,307
S319,Sopa Colgate 2718,4947035030,Panaderia,2027-05-12,Colgate,181.06,208
S320,Pasta Ariel 2719,2681848648,Carnes,2028-06-13,Ariel,78.09,328
S321,Leche Palmolive 2720,9181837597,Limpieza,2027-08-04,Palmolive,161.63,499
S322,Arroz Del Monte 2721,1214933665,Cuidado Personal,2026-02-13,Del Monte,78.07,436
S323,Frijol Maggi 2722,8943806318,Aceites,2027-01-19,Maggi,125.75,316
S324,Pan Kelloggs 2723,0070859871,Condimentos,2026-08-10,Kelloggs,180.16,343
S325,Jugo Pringles 2724,5633680313,Endulzantes,2027-07-19,Pringles,84.82,385
S326,Jabon Coca Cola 2725,6361617745,Frutas,2028-08-21,Coca Cola,133.66,210
S327,Shampoo Pepsi 2726,4929288131,Verduras,2028-07-19,Pepsi,110.67,110
S328,Aceite Lay's 2727,4499101756,Congelados,2027-08-20,Lay's,18.16,318
S329,Azucar Knorr 2728,5723883480,Snacks,2027-05-16,Knorr,184.04,354
S330,Sal McCormick 2729,7648477030,Cereales,2026-02-21,McCormick,29.66,470
S331,Cafe Dos Pinos 2730,2024562331,Lacteos,2027-10-09,Dos Pinos,63.85,320
S332,Cereal Bimbo 2731,6891344543,Granos,2028-09-17,Bimbo,5.64,232
S333,Atun Nestle 2732,4103192289,Bebidas,2027-12-04,Nestle,69.99,183
S334,Sardina Colgate 2733,2145310469,Panaderia,2026-08-08,Colgate,13.92,201
S335,Mayonesa Ariel 2734,6395866668,Carnes,2028-04-18,Ariel,95.16,220
S336,Ketchup Palmolive 2735,3603385930,Limpieza,2028-08-08,Palmolive,36.58,108
S337,Mostaza Del Monte 2736,3716767303,Cuidado Personal,2028-12-18,Del Monte,199.72,76
S338,Vinagre Maggi 2737,2964750123,Aceites,2028-05-09,Maggi,179.08,255
S339,Sopa Kelloggs 2738,9630108408,Condimentos,2028-02-13,Kelloggs,108.08,428
S340,Pasta Pringles 2739,0088280973,Endulzantes,2028-03-26,Pringles,69.27,53
S341,Leche Coca Cola 2740,9033962306,Frutas,2027-11-06,Coca Cola,113.31,17
S342,Arroz Pepsi 2741,7634414198,Verduras,2027-03-13,Pepsi,62.60,141
S343,Frijol Lay's 2742,8458195227,Congelados,2028-12-11,Lay's,10.15,478
S344,Pan Knorr 2743,4916599433,Snacks,2028-06-05,Knorr,141.42,311
S345,Jugo McCormick 2744,0382844529,Cereales,2028-03-28,McCormick,11.72,64
S346,Jabon Dos Pinos 2745,2092557011,Lacteos,2026-06-28,Dos Pinos,90.62,50
S347,Shampoo Bimbo 2746,4730254395,Granos,2026-10-21,Bimbo,172.34,84
S348,Aceite Nestle 2747,2439296858,Bebidas,2028-03-27,Nestle,185.75,229
S349,Azucar Colgate 2748,5265073688,Panaderia,2026-10-05,Colgate,75.09,282
S350,Sal Ariel 2749,1094985372,Carnes,2028-02-01,Ariel,128.04,46
S351,Cafe Palmolive 2750,6571370160,Limpieza,2026-05-07,Palmolive,89.84,485
S352,Cereal Del Monte 2751,3431499735,Cuidado Personal,2027-06-10,Del Monte,71.52,475
S353,Atun Maggi 2752,8171461309,Aceites,2028-02-14,Maggi,118.97,313
S354,Sardina Kelloggs 2753,3945583524,Condimentos,2028-07-04,Kelloggs,160.90,92
S355,Mayonesa Pringles 2754,7274349522,Endulzantes,2028-01-10,Pringles,114.81,332
S356,Ketchup Coca Cola 2755,0265558681,Frutas,2026-10-14,Coca Cola,186.71,208
S357,Mostaza Pepsi 2756,2821207775,Verduras,2027-11-09,Pepsi,135.40,295
S358,Vinagre Lay's 2757,2991104273,Congelados,2026-03-06,Lay's,39.26,291
S359,Sopa Knorr 2758,4395353198,Snacks,2027-10-03,Knorr,160.09,55
S360,Pasta McCormick 2759,6698976521,Cereales,2028-03-15,McCormick,140.94,257
S361,Leche Dos Pinos 2760,8325289871,Lacteos,2028-05-09,Dos Pinos,91.73,404
S362,Arroz Bimbo 2761,3424675130,Granos,2026-10-07,Bimbo,105.75,255
S363,Frijol Nestle 2762,7788947876,Bebidas,2027-11-25,Nestle,125.21,488
S364,Pan Colgate 2763,1258559681,Panaderia,2028-07-06,Colgate,23.21,295
S365,Jugo Ariel 2764,3554919899,Carnes,2028-02-20,Ariel,105.97,478
S366,Jabon Palmolive 2765,3466333786,Limpieza,2027-04-26,Palmolive,59.46,13
S367,Shampoo Del Monte 2766,2925361419,Cuidado Personal,2027-10-08,Del Monte,189.44,337
S368,Aceite Maggi 2767,9896613135,Aceites,2026-02-10,Maggi,135.76,320
S369,Azucar Kelloggs 2768,5598942661,Condimentos,2027-09-21,Kelloggs,81.69,187
S370,Sal Pringles 2769,7908343522,Endulzantes,2028-05-26,Pringles,95.86,418
S371,Cafe Coca Cola 2770,3175785965,Frutas,2028-05-27,Coca Cola,96.92,400
S372,Cereal Pepsi 2771,3262528372,Verduras,2026-06-23,Pepsi,192.55,399
S373,Atun Lay's 2772,5378179820,Congelados,2027-01-11,Lay's,134.35,364
S374,Sardina Knorr 2773,2295973311,Snacks,2027-11-19,Knorr,68.29,283
S375,Mayonesa McCormick 2774,3898570615,Cereales,2027-04-14,McCormick,185.01,289
S376,Ketchup Dos Pinos 2775,2120223099,Lacteos,2026-05-18,Dos Pinos,88.65,145
S377,Mostaza Bimbo 2776,0813520232,Granos,2026-09-07,Bimbo,193.69,180
S378,Vinagre Nestle 2777,3969661262,Bebidas,2026-07-15,Nestle,19.82,470
S379,Sopa Colgate 2778,2067773395,Panaderia,2027-12-04,Colgate,106.73,163
S380,Pasta Ariel 2779,5126699820,Carnes,2027-04-19,Ariel,161.27,380
S381,Leche Palmolive 2780,5046234436,Limpieza,2027-10-23,Palmolive,95.42,142
S382,Arroz Del Monte 2781,4818266894,Cuidado Personal,2028-04-15,Del Monte,60.45,456
S383,Frijol Maggi 2782,4233555629,Aceites,2027-11-01,Maggi,136.81,438
S384,Pan Kelloggs 2783,7371515260,Condimentos,2027-10-14,Kelloggs,44.80,106
S385,Jugo Pringles 2784,8421779029,Endulzantes,2026-10-04,Pringles,179.52,384
S386,Jabon Coca Cola 2785,3670397316,Frutas,2026-05-15,Coca Cola,166.23,255
S387,Shampoo Pepsi 2786,8028222645,Verduras,2026-11-26,Pepsi,187.51,106
S388,Aceite Lay's 2787,3944393500,Congelados,2027-10-27,Lay's,166.59,6
S389,Azucar Knorr 2788,3616339787,Snacks,2027-07-12,Knorr,116.96,207
S390,Sal McCormick 2789,6480527388,Cereales,2028-03-14,McCormick,27.00,232
S391,Cafe Dos Pinos 2790,9569886162,Lacteos,2026-07-01,Dos Pinos,74.68,67
S392,Cereal Bimbo 2791,8752234118,Granos,2026-08-27,Bimbo,148.49,452
S393,Atun Nestle 2792,3134484513,Bebidas,2026-05-14,Nestle,112.73,342
S394,Sardina Colgate 2793,2529936925,Panaderia,2028-12-23,Colgate,199.59,415
S395,Mayonesa Ariel 2794,8372867169,Carnes,2028-01-07,Ariel,154.05,486
S396,Ketchup Palmolive 2795,2071493879,Limpieza,2026-08-09,Palmolive,97.18,365
S397,Mostaza Del Monte 2796,0684451390,Cuidado Personal,2028-07-27,Del Monte,132.16,17
S398,Vinagre Maggi 2797,2667699293,Aceites,2026-03-23,Maggi,79.46,329
S399,Sopa Kelloggs 2798,4519494886,Condimentos,2026-05-16,Kelloggs,43.07,13
S400,Pasta Pringles 2799,6647670098,Endulzantes,2028-08-26,Pringles,45.83,431
S001,Leche Coca Cola 2800,4654016001,Frutas,2026-06-09,Coca Cola,147.00,344
S002,Arroz Pepsi 2801,6527485797,Verduras,2026-05-19,Pepsi,186.01,447
S003,Frijol Lay's 2802,9261042769,Congelados,2026-02-09,Lay's,133.36,287
S004,Pan Knorr 2803,3519050757,Snacks,2026-10-08,Knorr,42.57,174
S005,Jugo McCormick 2804,2620227925,Cereales,2028-06-09,McCormick,35.15,66
S006,Jabon Dos Pinos 2805,7202564848,Lacteos,2028-12-25,Dos Pinos,64.13,55
S007,Shampoo Bimbo 2806,6135962431,Granos,2028-01-13,Bimbo,42.66,151
S008,Aceite Nestle 2807,2223498921,Bebidas,2027-10-03,Nestle,140.07,371
S009,Azucar Colgate 2808,6095677688,Panaderia,2028-02-23,Colgate,146.19,318
S010,Sal Ariel 2809,1588039302,Carnes,2027-08-01,Ariel,67.92,372
S011,Cafe Palmolive 2810,5072082183,Limpieza,2028-06-23,Palmolive,56.62,310
S012,Cereal Del Monte 2811,6464501618,Cuidado Personal,2028-01-08,Del Monte,192.57,72
S013,Atun Maggi 2812,7465947436,Aceites,2028-05-05,Maggi,155.71,149
S014,Sardina Kelloggs 2813,5591678302,Condimentos,2026-07-05,Kelloggs,146.79,165
S015,Mayonesa Pringles 2814,3144515099,Endulzantes,2027-07-19,Pringles,115.23,273
S016,Ketchup Coca Cola 2815,9817101640,Frutas,2026-10-08,Coca Cola,204.72,113
S017,Mostaza Pepsi 2816,8521997683,Verduras,2027-06-10,Pepsi,102.74,207
S018,Vinagre Lay's 2817,8145338947,Congelados,2027-05-08,Lay's,182.74,123
S019,Sopa Knorr 2818,3899780985,Snacks,2028-11-26,Knorr,167.87,240
S020,Pasta McCormick 2819,2858429126,Cereales,2027-08-11,McCormick,68.91,312
S021,Leche Dos Pinos 2820,3055376950,Lacteos,2027-12-19,Dos Pinos,105.76,249
S022,Arroz Bimbo 2821,9035979948,Granos,2026-09-23,Bimbo,179.34,44
S023,Frijol Nestle 2822,5955817703,Bebidas,2026-11-09,Nestle,159.39,301
S024,Pan Colgate 2823,6507488231,Panaderia,2026-02-01,Colgate,176.38,80
S025,Jugo Ariel 2824,4500277817,Carnes,2027-03-05,Ariel,139.52,324
S026,Jabon Palmolive 2825,9446461316,Limpieza,2027-07-04,Palmolive,44.54,287
S027,Shampoo Del Monte 2826,6896543492,Cuidado Personal,2026-12-18,Del Monte,145.18,228
S028,Aceite Maggi 2827,3870295163,Aceites,2028-10-14,Maggi,114.74,200
S029,Azucar Kelloggs 2828,4395953799,Condimentos,2028-10-05,Kelloggs,158.84,36
S030,Sal Pringles 2829,6395604696,Endulzantes,2026-03-21,Pringles,31.55,475
S031,Cafe Coca Cola 2830,7072983945,Frutas,2028-11-11,Coca Cola,155.52,335
S032,Cereal Pepsi 2831,7823316644,Verduras,2026-04-08,Pepsi,197.40,258
S033,Atun Lay's 2832,7675412693,Congelados,2028-05-19,Lay's,125.49,487
S034,Sardina Knorr 2833,4626261350,Snacks,2028-04-02,Knorr,184.23,300
S035,Mayonesa McCormick 2834,1455714886,Cereales,2028-09-28,McCormick,17.60,249
S036,Ketchup Dos Pinos 2835,3014966996,Lacteos,2027-08-11,Dos Pinos,39.46,450
S037,Mostaza Bimbo 2836,8320021302,Granos,2028-10-03,Bimbo,142.62,129
S038,Vinagre Nestle 2837,6063926906,Bebidas,2026-10-05,Nestle,24.48,24
S039,Sopa Colgate 2838,3880216389,Panaderia,2026-08-12,Colgate,125.30,371
S040,Pasta Ariel 2839,8018933017,Carnes,2027-01-06,Ariel,118.42,479
S041,Leche Palmolive 2840,6418633985,Limpieza,2028-12-28,Palmolive,60.55,144
S042,Arroz Del Monte 2841,0720051941,Cuidado Personal,2028-01-19,Del Monte,86.72,361
S043,Frijol Maggi 2842,9592751924,Aceites,2026-07-04,Maggi,86.68,263
S044,Pan Kelloggs 2843,6436951817,Condimentos,2027-02-16,Kelloggs,127.97,420
S045,Jugo Pringles 2844,0874254301,Endulzantes,2027-01-22,Pringles,90.09,245
S046,Jabon Coca Cola 2845,8887813904,Frutas,2028-05-06,Coca Cola,32.70,344
S047,Shampoo Pepsi 2846,6071335479,Verduras,2028-08-02,Pepsi,66.93,167
S048,Aceite Lay's 2847,6244368207,Congelados,2027-08-22,Lay's,14.59,449
S049,Azucar Knorr 2848,9252172768,Snacks,2028-01-11,Knorr,131.43,51
S050,Sal McCormick 2849,0110121296,Cereales,2028-02-20,McCormick,157.01,268
S051,Cafe Dos Pinos 2850,5738237411,Lacteos,2026-04-07,Dos Pinos,134.36,481
S052,Cereal Bimbo 2851,2874486054,Granos,2027-06-15,Bimbo,23.26,207
S053,Atun Nestle 2852,0807247297,Bebidas,2028-06-24,Nestle,85.93,460
S054,Sardina Colgate 2853,3593981126,Panaderia,2028-08-13,Colgate,44.44,386
S055,Mayonesa Ariel 2854,0943555070,Carnes,2026-04-08,Ariel,58.23,499
S056,Ketchup Palmolive 2855,5080758560,Limpieza,2027-11-06,Palmolive,66.01,348
S057,Mostaza Del Monte 2856,6931468242,Cuidado Personal,2027-02-12,Del Monte,41.33,139
S058,Vinagre Maggi 2857,4558537296,Aceites,2027-01-11,Maggi,70.86,132
S059,Sopa Kelloggs 2858,9686938438,Condimentos,2028-03-13,Kelloggs,105.66,30
S060,Pasta Pringles 2859,9281418673,Endulzantes,2027-08-26,Pringles,177.44,139
S061,Leche Coca Cola 2860,7227492307,Frutas,2028-12-22,Coca Cola,160.29,452
S062,Arroz Pepsi 2861,7310879974,Verduras,2028-04-13,Pepsi,67.15,290
S063,Frijol Lay's 2862,7042509581,Congelados,2026-07-21,Lay's,37.07,45
S064,Pan Knorr 2863,6877293222,Snacks,2028-04-12,Knorr,159.06,39
S065,Jugo McCormick 2864,5631944692,Cereales,2027-05-17,McCormick,139.93,212
S066,Jabon Dos Pinos 2865,8632278416,Lacteos,2027-04-25,Dos Pinos,203.77,476
S067,Shampoo Bimbo 2866,0852349453,Granos,2027-01-21,Bimbo,133.99,476
S068,Aceite Nestle 2867,0517209908,Bebidas,2027-03-15,Nestle,76.65,367
S069,Azucar Colgate 2868,9909063068,Panaderia,2028-02-10,Colgate,30.60,381
S070,Sal Ariel 2869,6336125979,Carnes,2028-02-15,Ariel,159.02,196
S071,Cafe Palmolive 2870,4164470537,Limpieza,2028-09-01,Palmolive,119.16,67
S072,Cereal Del Monte 2871,7050842312,Cuidado Personal,2027-04-01,Del Monte,35.92,218
S073,Atun Maggi 2872,4033650555,Aceites,2028-07-20,Maggi,28.28,47
S074,Sardina Kelloggs 2873,1799080138,Condimentos,2028-02-07,Kelloggs,127.98,284
S075,Mayonesa Pringles 2874,5611779781,Endulzantes,2026-03-04,Pringles,119.83,33
S076,Ketchup Coca Cola 2875,5776169279,Frutas,2027-08-12,Coca Cola,48.81,206
S077,Mostaza Pepsi 2876,3896666079,Verduras,2028-06-19,Pepsi,42.34,106
S078,Vinagre Lay's 2877,6391652483,Congelados,2026-02-16,Lay's,91.77,212
S079,Sopa Knorr 2878,8107458114,Snacks,2028-11-19,Knorr,5.38,34
S080,Pasta McCormick 2879,3442239569,Cereales,2027-02-27,McCormick,92.12,448
S081,Leche Dos Pinos 2880,1717870919,Lacteos,2027-06-21,Dos Pinos,42.69,343
S082,Arroz Bimbo 2881,3488818621,Granos,2027-08-23,Bimbo,69.51,338
S083,Frijol Nestle 2882,9174602258,Bebidas,2028-04-19,Nestle,190.41,394
S084,Pan Colgate 2883,6907154174,Panaderia,2028-08-07,Colgate,83.00,470
S085,Jugo Ariel 2884,5986265003,Carnes,2028-08-09,Ariel,138.46,414
S086,Jabon Palmolive 2885,0053469037,Limpieza,2026-03-27,Palmolive,62.00,153
S087,Shampoo Del Monte 2886,2676713613,Cuidado Personal,2028-07-15,Del Monte,142.37,357
S088,Aceite Maggi 2887,0208852094,Aceites,2026-04-12,Maggi,78.80,102
S089,Azucar Kelloggs 2888,1022242699,Condimentos,2027-06-27,Kelloggs,199.80,371
S090,Sal Pringles 2889,6968074819,Endulzantes,2027-01-09,Pringles,202.04,390
S091,Cafe Coca Cola 2890,0815925548,Frutas,2026-07-20,Coca Cola,66.62,357
S092,Cereal Pepsi 2891,5758784900,Verduras,2027-08-02,Pepsi,174.35,202
S093,Atun Lay's 2892,6781221085,Congelados,2027-09-14,Lay's,5.35,367
S094,Sardina Knorr 2893,2661974579,Snacks,2026-12-11,Knorr,153.20,91
S095,Mayonesa McCormick 2894,9256208576,Cereales,2027-05-12,McCormick,188.14,10
S096,Ketchup Dos Pinos 2895,9810383937,Lacteos,2027-09-18,Dos Pinos,49.23,226
S097,Mostaza Bimbo 2896,3999650141,Granos,2028-11-14,Bimbo,6.01,66
S098,Vinagre Nestle 2897,0883752212,Bebidas,2026-12-25,Nestle,142.62,224
S099,Sopa Colgate 2898,0108908914,Panaderia,2028-07-13,Colgate,9.24,171
S100,Pasta Ariel 2899,7164979465,Carnes,2026-08-16,Ariel,140.82,467
S101,Leche Palmolive 2900,8108854143,Limpieza,2027-08-03,Palmolive,77.26,199
S001,Producto Duplicado 0,7612818734,Lacteos,2026-08-01,Marca,10.00,50
S002,Producto Duplicado 1,9949903552,Lacteos,2026-08-01,Marca,10.00,50
S003,Producto Duplicado 2,2163511326,Lacteos,2026-08-01,Marca,10.00,50
S004,Producto Duplicado 3,3792023241,Lacteos,2026-08-01,Marca,10.00,50
S005,Producto Duplicado 4,9335775497,Lacteos,2026-08-01,Marca,10.00,50
S006,Producto Duplicado 5,4806902320,Lacteos,2026-08-01,Marca,10.00,50
S007,Producto Duplicado 6,7697172872,Lacteos,2026-08-01,Marca,10.00,50
S008,Producto Duplicado 7,1124350424,Lacteos,2026-08-01,Marca,10.00,50
S009,Producto Duplicado 8,8129012856,Lacteos,2026-08-01,Marca,10.00,50
S010,Producto Duplicado 9,7305593794,Lacteos,2026-08-01,Marca,10.00,50
S011,Producto Duplicado 10,4719662275,Lacteos,2026-08-01,Marca,10.00,50
S012,Producto Duplicado 11,2458776997,Lacteos,2026-08-01,Marca,10.00,50
S013,Producto Duplicado 12,4317619408,Lacteos,2026-08-01,Marca,10.00,50
S014,Producto Duplicado 13,3582531930,Lacteos,2026-08-01,Marca,10.00,50
S015,Producto Duplicado 14,3252270277,Lacteos,2026-08-01,Marca,10.00,50
S016,Producto Duplicado 15,5747415530,Lacteos,2026-08-01,Marca,10.00,50
S017,Producto Duplicado 16,1777727619,Lacteos,2026-08-01,Marca,10.00,50
S018,Producto Duplicado 17,7436460775,Lacteos,2026-08-01,Marca,10.00,50
S019,Producto Duplicado 18,2806388357,Lacteos,2026-08-01,Marca,10.00,50
S020,Producto Duplicado 19,4663145908,Lacteos,2026-08-01,Marca,10.00,50
S021,Producto Duplicado 20,1040994746,Lacteos,2026-08-01,Marca,10.00,50
S022,Producto Duplicado 21,8641634130,Lacteos,2026-08-01,Marca,10.00,50
S023,Producto Duplicado 22,2445428504,Lacteos,2026-08-01,Marca,10.00,50
S024,Producto Duplicado 23,6386051527,Lacteos,2026-08-01,Marca,10.00,50
S025,Producto Duplicado 24,5313178238,Lacteos,2026-08-01,Marca,10.00,50
S026,Producto Duplicado 25,9203031447,Lacteos,2026-08-01,Marca,10.00,50
S027,Producto Duplicado 26,0881586241,Lacteos,2026-08-01,Marca,10.00,50
S028,Producto Duplicado 27,1515851076,Lacteos,2026-08-01,Marca,10.00,50
S029,Producto Duplicado 28,5407101301,Lacteos,2026-08-01,Marca,10.00,50
S030,Producto Duplicado 29,1079027193,Lacteos,2026-08-01,Marca,10.00,50
S031,Producto Duplicado 30,2262731615,Lacteos,2026-08-01,Marca,10.00,50
S032,Producto Duplicado 31,2397728660,Lacteos,2026-08-01,Marca,10.00,50
S033,Producto Duplicado 32,4366515431,Lacteos,2026-08-01,Marca,10.00,50
S034,Producto Duplicado 33,7561381367,Lacteos,2026-08-01,Marca,10.00,50
S035,Producto Duplicado 34,5948182069,Lacteos,2026-08-01,Marca,10.00,50
S036,Producto Duplicado 35,2568448602,Lacteos,2026-08-01,Marca,10.00,50
S037,Producto Duplicado 36,7002450762,Lacteos,2026-08-01,Marca,10.00,50
S038,Producto Duplicado 37,6184948113,Lacteos,2026-08-01,Marca,10.00,50
S039,Producto Duplicado 38,1446546795,Lacteos,2026-08-01,Marca,10.00,50
S040,Producto Duplicado 39,6459245173,Lacteos,2026-08-01,Marca,10.00,50
S041,Producto Duplicado 40,4513283043,Lacteos,2026-08-01,Marca,10.00,50
S042,Producto Duplicado 41,0421680406,Lacteos,2026-08-01,Marca,10.00,50
S043,Producto Duplicado 42,0315682624,Lacteos,2026-08-01,Marca,10.00,50
S044,Producto Duplicado 43,7847931946,Lacteos,2026-08-01,Marca,10.00,50
S045,Producto Duplicado 44,0895142890,Lacteos,2026-08-01,Marca,10.00,50
S046,Producto Duplicado 45,4694511446,Lacteos,2026-08-01,Marca,10.00,50
S047,Producto Duplicado 46,9647611811,Lacteos,2026-08-01,Marca,10.00,50
S048,Producto Duplicado 47,1177391867,Lacteos,2026-08-01,Marca,10.00,50
S049,Producto Duplicado 48,0077327475,Lacteos,2026-08-01,Marca,10.00,50
S050,Producto Duplicado 49,6210728538,Lacteos,2026-08-01,Marca,10.00,50
S002,ProductoMalo1,1607482600,Lacteos,2026-08-01,Marca,PRECIO_INVALIDO,50
S003,ProductoMalo2,8395067901,Lacteos,2026-08-01,Marca,PRECIO_INVALIDO,50
S004,ProductoMalo3,6426201742,Lacteos,2026-08-01,Marca,PRECIO_INVALIDO,50
S005,ProductoMalo4,8330675962,Lacteos,2026-08-01,Marca,PRECIO_INVALIDO,50
S006,ProductoMalo5,8412174870,Lacteos,2026-08-01,Marca,PRECIO_INVALIDO,50
S007,ProductoMalo6,1481991407,Lacteos,2026-08-01,Marca,PRECIO_INVALIDO,50
S008,ProductoMalo7,2572693822,Lacteos,2026-08-01,Marca,PRECIO_INVALIDO,50
S009,ProductoMalo8,5506111282,Lacteos,2026-08-01,Marca,PRECIO_INVALIDO,50
S010,ProductoMalo9,6918455713,Lacteos,2026-08-01,Marca,PRECIO_INVALIDO,50
S011,ProductoMalo10,4494604925,Lacteos,2026-08-01,Marca,PRECIO_INVALIDO,50
S012,ProductoMalo11,8814685925,Lacteos,2026-08-01,Marca,PRECIO_INVALIDO,50
S013,ProductoMalo12,2538202943,Lacteos,2026-08-01,Marca,PRECIO_INVALIDO,50
S014,ProductoMalo13,5766912114,Lacteos,2026-08-01,Marca,PRECIO_INVALIDO,50
S015,ProductoMalo14,5263998866,Lacteos,2026-08-01,Marca,PRECIO_INVALIDO,50
S016,ProductoMalo15,8160766367,Lacteos,2026-08-01,Marca,PRECIO_INVALIDO,50
S017,ProductoMalo16,5670321642,Lacteos,2026-08-01,Marca,PRECIO_INVALIDO,50
S018,ProductoMalo17,6779497600,Lacteos,2026-08-01,Marca,PRECIO_INVALIDO,50
S019,ProductoMalo18,4630724847,Lacteos,2026-08-01,Marca,PRECIO_INVALIDO,50
S020,ProductoMalo19,0577677273,Lacteos,2026-08-01,Marca,PRECIO_INVALIDO,50
S021,ProductoMalo20,1242436480,Lacteos,2026-08-01,Marca,PRECIO_INVALIDO,50
S022,ProductoMalo21,1323761698,Lacteos,2026-08-01,Marca,PRECIO_INVALIDO,50
S023,ProductoMalo22,2333145207,Lacteos,2026-08-01,Marca,PRECIO_INVALIDO,50
S024,ProductoMalo23,5825593000,Lacteos,2026-08-01,Marca,PRECIO_INVALIDO,50
S025,ProductoMalo24,5111503666,Lacteos,2026-08-01,Marca,PRECIO_INVALIDO,50
S026,ProductoMalo25,8047617509,Lacteos,2026-08-01,Marca,PRECIO_INVALIDO,50
S001,SoloNombre
S001,SoloNombre
S001,SoloNombre
S001,SoloNombre
S001,SoloNombre
S001,SoloNombre
S001,SoloNombre
S001,SoloNombre
S001,SoloNombre
S001,SoloNombre
S001,SoloNombre
S001,SoloNombre
S001,SoloNombre
S001,SoloNombre
S001,SoloNombre
S001,SoloNombre
S001,SoloNombre
S001,SoloNombre
S001,SoloNombre
S001,SoloNombre
S001,SoloNombre
S001,SoloNombre
S001,SoloNombre
S001,SoloNombre
S001,SoloNombre
